{
    "DontTouch": {
        "Music全体のプレイヤー設定": 0.5300004482269287,
        "SE全体のプレイヤー設定": 0.5400004386901855
    }
}
