{
    "DontTouch": {
        "Music全体のプレイヤー設定": 0.6400003433227539,
        "SE全体のプレイヤー設定": 0.5900003910064697
    }
}
