{
    "DontTouch": {
        "Music全体のプレイヤー設定": 0.5699997544288635,
        "SE全体のプレイヤー設定": 0.5400004386901855
    }
}
