{
    "DontTouch": {
        "Music全体のプレイヤー設定": 0.5299997925758362,
        "SE全体のプレイヤー設定": 0.5099998116493225
    }
}
