{
    "DontTouch": {
        "Music全体のプレイヤー設定": 0.8400001525878906,
        "SE全体のプレイヤー設定": 0.8600001335144043
    }
}
