{
    "DontTouch": {
        "Music全体のプレイヤー設定": 0.8899994492530823,
        "SE全体のプレイヤー設定": 0.8500001430511475
    }
}
