{
    "DontTouch": {
        "Music全体のプレイヤー設定": 0.49000048637390137,
        "SE全体のプレイヤー設定": 0.5200004577636719
    }
}
