{
    "SE": {
        "DEADSOUNDのボリューム": 0.15000000596046448,
        "SE/Item/ingame_itemGet.mp3のボリューム": 0.699999988079071,
        "SE/Scene/autgame_decision.mp3のボリューム": 0.699999988079071,
        "SE/Scene/autgame_poseOpen.mp3のボリューム": 0.699999988079071,
        "SE/Scene/ingame_clear.mp3のボリューム": 0.699999988079071,
        "SE/Scene/ingame_goalOpen.mp3のボリューム": 0.699999988079071,
        "SE/Scene/ingame_goalTouch.mp3のボリューム": 0.699999988079071,
        "SE/Scene/outgame_selectNow.mp3のボリューム": 0.699999988079071,
        "SE/getCoin.wavのボリューム": 0.3100000023841858,
        "SE/goal.wavのボリューム": 0.699999988079071,
        "baby_cryのボリューム": 0.699999988079071,
        "baby_goodのボリューム": 1.2000000476837158,
        "baby_normalのボリューム": 1.100000023841858,
        "baby_veryGoodのボリューム": 0.699999988079071,
        "割れる音のボリューム": 0.699999988079071,
        "水から出る音 Lのボリューム": 0.699999988079071,
        "水から出る音 Mのボリューム": 0.699999988079071,
        "水から出る音 Sのボリューム": 0.699999988079071,
        "水から出る音のボリューム": 0.699999988079071,
        "水に入る音のボリューム": 0.699999988079071,
        "水の中にいる音のボリューム": 0.3100000023841858
    }
}
