{
    "Master": {
        "Music全体のボリューム": 0.6899999976158142,
        "SE全体のボリューム": 0.699999988079071
    }
}
