{
    "SE": {
        "DEADSOUNDのボリューム": 0.15000000596046448,
        "SE/getCoin.wavのボリューム": 0.3100000023841858,
        "SE/goal.wavのボリューム": 0.699999988079071,
        "水から出る音のボリューム": 0.699999988079071,
        "水に入る音のボリューム": 0.699999988079071,
        "水の中にいる音のボリューム": 0.3100000023841858
    }
}
