{
    "Master": {
        "Music全体のボリューム": 0.3100000023841858,
        "SE全体のボリューム": 0.36000001430511475
    }
}
