{
    "Music": {
        "SelectBGMのボリューム": 0.03999999910593033,
        "StageBGMのボリューム": 0.03999999910593033,
        "TitleBGMのボリューム": 0.05000000074505806
    }
}
