{
    "Music": {
        "SelectBGMのボリューム": 0.25999999046325684,
        "StageBGMのボリューム": 0.25999999046325684,
        "TitleBGMのボリューム": 0.27000001072883606
    }
}
