{
    "Baby": {
        "Tree1コンボ関係_コンボの最大数": 3,
        "Tree1テンション関係_テンションマックスが終了したときのテンション": 50.0,
        "Tree1テンション関係_テンションマックス維持の時間": 5.0,
        "Tree1テンション関係_プレイヤーが水中にいる時にテンションが下がる間隔の時間": 0.10000000149011612,
        "Tree1テンション関係_プレイヤーが水中にいる時にテンションダウンの数値": 0.5,
        "Tree1テンション関係_プレイヤーに乗ったときのテンションアップの数値": 5.0,
        "Tree1テンション関係_水から出たときのテンションアップするまでの水中の時間": 2.0,
        "Tree1テンション関係_水から出たときのテンションアップの数値": 5.0,
        "Tree1テンション関係_泣いてるときにダメージを受ける量": 5.0,
        "Tree1テンション関係_泣いてるときのダメージを受ける間隔": 1.0,
        "Tree1テンション関係_泣き止むまでの時間": 5.0,
        "Tree1テンション関係_泣き止んだ時のテンション": 50.0,
        "Tree1テンション関係_空中のテンションアップするまで時間": 1.0,
        "Tree1テンション関係_空中のテンションアップの数値": 5.0,
        "エフェクトの初速度への微調整用乗算": 0.0,
        "エフェクトの発生間隔": 0.0,
        "スケール": [
            0.75,
            0.75
        ],
        "プレイヤーが水中にいる時の引っぱりの倍率": 1.0,
        "プレイヤーとの限界距離": 10.100000381469727,
        "プレイヤーに乗って水中にいられる時間": 2.0,
        "プレイヤーに乗って水中に潜れるスピード": 14.239999771118164,
        "プレイヤーに対しての重力加速度": 1.2400000095367432,
        "プレイヤーに水中内で乗れるようになるまでの時間": 0.10000000149011612,
        "プレイヤーのジャンプに引き寄せられる最大の時間": 0.18000000715255737,
        "プレイヤーのジャンプに引き寄せられる距離": 1.0299999713897705,
        "プレイヤーのジャンプに引っ張られる加速度": 3.4600000381469727,
        "プレイヤーのジャンプに引っ張られる距離": 1.7000000476837158,
        "加速度が最大になるときのプレイヤーとの距離": 2.2100000381469727,
        "加速度が最大の時の水の移動距離": 2.359999895095825,
        "加速度が最大の時の移動角度": 2.509999990463257,
        "加速度の最大": 1.840000033378601,
        "最低速度": 0.0,
        "最大速度": 7.489999771118164,
        "水の浮力": 2.009999990463257,
        "浮き具合": 0.699999988079071,
        "重力加速度": 0.0
    }
}
