{
    "Player": {
        "スケール": [
            0.4000000059604645,
            0.20000000298023224,
            0.20000000298023224
        ],
        "プレイヤーの最低の高さ": -29.989999771118164,
        "上下挙動の1往復の時間": 0.5,
        "加速度": 0.8999999761581421,
        "最低速度": 0.7099999785423279,
        "最大速度": 13.640000343322754,
        "水から飛び出したときに加速させる時間": 0.20999999344348907,
        "水から飛び出したときの加速度": 4.190000057220459,
        "減速率": 0.8700000047683716,
        "補間の割合": 0.1599999964237213,
        "重力加速度": 0.36000001430511475,
        "降下中の重力": 0.9900000095367432
    }
}
