{
    "Baby": {
        "エフェクトの初速度への微調整用乗算": 0.0,
        "エフェクトの発生間隔": 0.0,
        "スケール": [
            0.75,
            0.75
        ],
        "プレイヤーとの限界距離": 10.100000381469727,
        "加速度が最大になるときのプレイヤーとの距離": 2.2100000381469727,
        "加速度が最大の時の水の移動距離": 0.0,
        "加速度が最大の時の移動角度": 0.7900000214576721,
        "加速度の最大": 1.5199999809265137,
        "最低速度": 0.0,
        "最大速度": 5.639999866485596,
        "水の浮力": 4.21999979019165
    }
}
