{
    "Baby": {
        "スケール": [
            1.0,
            1.0
        ],
        "プレイヤーとの限界距離": 19.969999313354492,
        "加速度が最大になるときのプレイヤーとの距離": 2.2100000381469727,
        "加速度が最大の時の移動角度": 0.7900000214576721,
        "加速度の最大": 1.5199999809265137,
        "最低速度": 0.0,
        "最大速度": 5.639999866485596,
        "水の浮力": 4.21999979019165
    }
}
