{
    "Player": {
        "スケール": [
            0.4000000059604645,
            0.20000000298023224,
            0.20000000298023224
        ],
        "加速度": 0.15000000596046448,
        "最低速度": 0.029999999329447746,
        "最大速度": 0.2199999988079071,
        "減速率": 0.8299999833106995,
        "補間の割合": 0.17000000178813934
    }
}
