{
    "Player": {
        "ジャンプしたときに水を生成するか": true,
        "ジャンプで生成する水のサイズ": 0.36000001430511475,
        "スケール": [
            0.4000000059604645,
            0.20000000298023224,
            0.20000000298023224
        ],
        "プレイヤーが生成する水のサイズ": 2.3499999046325684,
        "プレイヤーの最低の高さ": -29.989999771118164,
        "ボタンを押したときに水を生成するか": true,
        "上下挙動の1往復の時間": 0.5,
        "加速を維持する時間": 0.23000000417232513,
        "加速度": 0.8999999761581421,
        "最低速度": 0.7099999785423279,
        "最大速度": 13.640000343322754,
        "水から飛び出したときに加速させる時間": 0.09000000357627869,
        "水から飛び出したときの加速度": 0.15000000596046448,
        "水ごとに重力がありか": true,
        "水の塊の重力": 0.6299999952316284,
        "水の生成に遅延させる時間": 0.25999999046325684,
        "減速率": 0.8399999737739563,
        "補間の割合": 0.1599999964237213,
        "重力加速度": 0.36000001430511475,
        "降下中の重力": 0.8999999761581421
    }
}
