{
    "Client": {
        "スケール": 0.5,
        "水や惑星内の重力加速度": 0.10000000149011612,
        "重力加速度": 0.009999999776482582
    }
}
