{
    "Player": {
        "Tree1なみなみ加速関係_なみなみの加速度": 0.28999999165534973,
        "Tree1なみなみ加速関係_なみなみ加速するか": true,
        "Tree1なみなみ加速関係_加速するまでの継続時間": 0.27000001072883606,
        "Tree1なみなみ加速関係_方向転換を許容する時間": 0.1599999964237213,
        "Tree1プレイヤーのステータス関係_スケール": [
            0.10000000149011612,
            0.20000000298023224,
            0.14000000059604645
        ],
        "Tree1プレイヤーのステータス関係_プレイヤーの最低の高さ": -29.989999771118164,
        "Tree1プレイヤーのステータス関係_上下挙動の1往復の時間": 0.5,
        "Tree1プレイヤーのステータス関係_加算される加速度の最大値": 4.5,
        "Tree1プレイヤーのステータス関係_加速を維持する時間": 0.6700000166893005,
        "Tree1プレイヤーのステータス関係_加速度": 1.5299999713897705,
        "Tree1プレイヤーのステータス関係_最低速度": 1.3200000524520874,
        "Tree1プレイヤーのステータス関係_最大速度": 8.029999732971191,
        "Tree1プレイヤーのステータス関係_水から飛び出したときに加速させる時間": 0.25999999046325684,
        "Tree1プレイヤーのステータス関係_水から飛び出したときの加速度": 0.4099999964237213,
        "Tree1プレイヤーのステータス関係_水中での補間の割合": 0.20999999344348907,
        "Tree1プレイヤーのステータス関係_減速率": 0.41999998688697815,
        "Tree1プレイヤーのステータス関係_補間の割合": 0.1599999964237213,
        "Tree1乗客関係_一気に飛ばす客の数": 3,
        "Tree1乗客関係_乗せれる客の上限": 5,
        "Tree1乗客関係_入力で客を飛ばすか": true,
        "Tree1乗客関係_客を飛ばしたときの客の初速": 5.070000171661377,
        "Tree1乗客関係_客を飛ばすために必要な速度": 15.619999885559082,
        "Tree1乗客関係_客を飛ばすタイミングの速さ": 2.049999952316284,
        "Tree1乗客関係_客を飛ばす角度": 15.140000343322754,
        "Tree1入力による移動関係_ジャンプ中に入力を受け付けるか": true,
        "Tree1入力による移動関係_ジャンプ中の入力の加速度": 0.07999999821186066,
        "Tree1入力による移動関係_ボタン入力でジャンプ中に加速できるか": false,
        "Tree1入力による移動関係_ボタン入力で加速後ジャンプしたときに加速ボタンが回復するか": false,
        "Tree1入力による移動関係_ボタン入力で水中で加速できるか": false,
        "Tree1入力による移動関係_ボタン入力による加速させる時間": 0.5,
        "Tree1入力による移動関係_ボタン入力による加速度": 0.5,
        "Tree1入力による移動関係_ボタン加速のクールタイム": 0.5,
        "Tree1水の生成関係_ジャンプしたときに水を生成するか": false,
        "Tree1水の生成関係_ジャンプで生成する水のサイズ": 0.36000001430511475,
        "Tree1水の生成関係_プレイヤーが生成する水のサイズ": 2.3499999046325684,
        "Tree1水の生成関係_ボタンを押したときに水を生成するか": true,
        "Tree1水の生成関係_水が消えるまでの時間": 40.0,
        "Tree1水の生成関係_水の回復時間": 5.0,
        "Tree1水の生成関係_水の生成に遅延させる時間": 0.25999999046325684,
        "Tree1水の生成関係_生成できる水のストック上限": 10,
        "Tree1自動移動関係_自動の時の加速度": 0.5,
        "Tree1自動移動関係_自動の時の最大速度": 0.5,
        "Tree1自動移動関係_自動の時の補間": 0.5,
        "Tree1重力関係_一番近くの重力場に引き寄せられるか": true,
        "Tree1重力関係_水ごとに重力がありか": true,
        "Tree1重力関係_水の塊の重力": 0.75,
        "Tree1重力関係_水の浮力があるか": false,
        "Tree1重力関係_浮力": 0.5,
        "Tree1重力関係_重力加速度": 0.6800000071525574,
        "Tree1重力関係_降下中の重力": 0.4699999988079071
    }
}
