{
    "Player": {
        "Tree1プレイヤーのステータス関係_スケール": [
            0.15000000596046448,
            0.25,
            0.15000000596046448
        ],
        "Tree1プレイヤーのステータス関係_プレイヤーの最低の高さ": -29.989999771118164,
        "Tree1プレイヤーのステータス関係_上下挙動の1往復の時間": 0.5,
        "Tree1プレイヤーのステータス関係_加算される加速度の最大値": 1.4500000476837158,
        "Tree1プレイヤーのステータス関係_加速を維持する時間": 0.23000000417232513,
        "Tree1プレイヤーのステータス関係_加速度": 0.8999999761581421,
        "Tree1プレイヤーのステータス関係_最低速度": 0.7099999785423279,
        "Tree1プレイヤーのステータス関係_最大速度": 13.640000343322754,
        "Tree1プレイヤーのステータス関係_水から飛び出したときに加速させる時間": 0.09000000357627869,
        "Tree1プレイヤーのステータス関係_水から飛び出したときの加速度": 0.15000000596046448,
        "Tree1プレイヤーのステータス関係_減速率": 0.8399999737739563,
        "Tree1プレイヤーのステータス関係_補間の割合": 0.1599999964237213,
        "Tree1乗客関係_乗せれる客の上限": 5,
        "Tree1入力による移動関係_ジャンプ中に入力を受け付けるか": true,
        "Tree1入力による移動関係_ジャンプ中の入力の加速度": 0.07999999821186066,
        "Tree1入力による移動関係_ボタン入力でジャンプ中に加速できるか": false,
        "Tree1入力による移動関係_ボタン入力で加速後ジャンプしたときに加速ボタンが回復するか": false,
        "Tree1入力による移動関係_ボタン入力で水中で加速できるか": false,
        "Tree1入力による移動関係_ボタン入力による加速させる時間": 0.5,
        "Tree1入力による移動関係_ボタン入力による加速度": 0.5,
        "Tree1入力による移動関係_ボタン加速のクールタイム": 0.5,
        "Tree1水の生成関係_ジャンプしたときに水を生成するか": false,
        "Tree1水の生成関係_ジャンプで生成する水のサイズ": 0.36000001430511475,
        "Tree1水の生成関係_プレイヤーが生成する水のサイズ": 2.3499999046325684,
        "Tree1水の生成関係_ボタンを押したときに水を生成するか": true,
        "Tree1水の生成関係_水が消えるまでの時間": 40.0,
        "Tree1水の生成関係_水の生成に遅延させる時間": 0.25999999046325684,
        "Tree1水の生成関係_生成できる水のストック上限": 10,
        "Tree1重力関係_水ごとに重力がありか": true,
        "Tree1重力関係_水の塊の重力": 0.6299999952316284,
        "Tree1重力関係_重力加速度": 0.36000001430511475,
        "Tree1重力関係_降下中の重力": 0.8999999761581421
    }
}
