{
    "DeadLine": {
        "スケール": 3.0999999046325684,
        "初期のx座標": -18.700000762939453,
        "生存時間": 6.639999866485596,
        "生成時間": 0.7300000190734863,
        "移動速度": 1.5700000524520874,
        "縦に配置する数": 9
    }
}
