{
    "BabyTensionEffect": {
        "Tree1パーティクル関係_ふよふよの幅": 0.800000011920929,
        "Tree1パーティクル関係_ふよふよの時間": 1.0199999809265137,
        "Tree1パーティクル関係_ゲージのランダム位置の最大": [
            0.0,
            0.0
        ],
        "Tree1パーティクル関係_ゲージのランダム位置の最小": [
            0.0,
            0.0
        ],
        "Tree1パーティクル関係_ゲージの位置": [
            10.850000381469727,
            -8.0600004196167
        ],
        "Tree1パーティクル関係_スケール": 0.0,
        "Tree1パーティクル関係_テンション上昇が大きいときに出す数": 8,
        "Tree1パーティクル関係_テンション上昇が小さいときに出す数": 4,
        "Tree1パーティクル関係_基準スケール": [
            0.25,
            0.25
        ],
        "Tree1パーティクル関係_生成が終わってからの待機時間": 0.3100000023841858,
        "Tree1パーティクル関係_生成するまでの時間": 0.10000000149011612,
        "Tree1パーティクル関係_生成にかかる時間": 0.44999998807907104,
        "Tree1パーティクル関係_生成の時間差": 0.0,
        "Tree1パーティクル関係_生成場所の距離": 1.7599999904632568,
        "Tree1パーティクル関係_移動のタイムラグ": 0.10000000149011612,
        "Tree1パーティクル関係_移動スピード": 12.9399995803833,
        "Tree1パーティクル関係_距離の幅": 0.10000000149011612
    }
}
