{
    "EffectGoalDust": {
        "ゴール出現カウント": 5.0,
        "ゴール未出現カウント": 30.0,
        "ランダム出現範囲": [
            7.0,
            10.0
        ],
        "ランダム画像": true,
        "ランダム色": false,
        "ランダム角度処理": true,
        "ランダム速度": [
            50.02000045776367,
            60.529998779296875
        ],
        "固定画像の時の画像": 0,
        "始終サイズ": [
            1.0,
            0.0
        ],
        "始終透明度": [
            0.05000000074505806,
            1.0
        ]
    }
}
