{
    "GetItem": {
        "ランダム生成量": [
            2.0,
            3.0
        ],
        "ランダム速度（min,max": [
            0.009999999776482582,
            0.800000011920929
        ],
        "最大サイズ": 0.5400000214576721,
        "最大速度": 0.4000000059604645,
        "点滅量": 3,
        "生存カウント": 11,
        "重力": 0.009999999776482582
    }
}
