{
    "ParticleAcceleration": {
        "プレイヤー速度影響度": 1.7899999618530273,
        "ランダム速度": [
            0.0,
            0.009999999776482582
        ],
        "出現エリアサイズ": [
            0.0,
            1.0299999713897705
        ],
        "出現頻度": 0,
        "塵の発生間隔": 23,
        "最初と最後の透明度": [
            0.4699999988079071,
            0.03999999910593033
        ],
        "最初のサイズ": [
            0.3199999928474426,
            0.10000000149011612
        ],
        "最後のサイズ": [
            0.10000000149011612,
            0.0
        ],
        "死亡カウント": 18,
        "沸き場所の中央からの差": 1.2100000381469727,
        "色": [
            0.4000000059604645,
            1.6699999570846558,
            1.0800000429153442
        ]
    }
}
