{
    "ParticleAcceleration": {
        "ランダム速度": [
            0.0,
            0.0010000000474974513
        ],
        "出現エリアサイズ": [
            1.0,
            0.5
        ],
        "出現頻度": 1,
        "最初と最後のサイズ": [
            0.20000000298023224,
            0.0
        ],
        "最初と最後の透明度": [
            0.5,
            0.0
        ],
        "死亡カウント": 60
    }
}
