{
    "GetItem": {
        "ランダム生成量": [
            5.679999828338623,
            7.010000228881836
        ],
        "ランダム速度（min,max": [
            0.009999999776482582,
            0.800000011920929
        ],
        "最大サイズ": 0.4000000059604645,
        "最大速度": 0.20000000298023224,
        "点滅量": 1,
        "生存カウント": 4,
        "重力": 0.004999999888241291
    }
}
