{
    "BabySleep": {
        "始終サイズ": [
            0.0,
            100.0
        ],
        "振幅速度": 10.0,
        "振幅量": 1.0,
        "生存カウント": 120.0,
        "発生座標": [
            700.0,
            715.239990234375
        ],
        "発生間隔": 60.0,
        "終始透明度": [
            1.0,
            0.0
        ],
        "透明始まりカウント": 30.0,
        "速度": 3.0,
        "飛んでいく方向": [
            1.0,
            -0.36000001430511475
        ]
    }
}
