{
    "ParticleAcceleration": {
        "プレイヤー速度影響度": 1.0,
        "ランダム速度": [
            0.0,
            0.009999999776482582
        ],
        "出現エリアサイズ": [
            0.0,
            0.5
        ],
        "出現頻度": 1,
        "塵の発生間隔": 79,
        "最初と最後の透明度": [
            0.6000000238418579,
            0.0
        ],
        "最初のサイズ": [
            0.3199999928474426,
            0.10000000149011612
        ],
        "最後のサイズ": [
            0.10000000149011612,
            0.0
        ],
        "死亡カウント": 19,
        "沸き場所の中央からの差": 1.2100000381469727,
        "色": [
            0.07999999821186066,
            1.0,
            1.0
        ]
    }
}
