{
    "ParticleAcceleration": {
        "プレイヤー速度影響度": 1.0,
        "ランダム速度": [
            0.10000000149011612,
            0.20000000298023224
        ],
        "出現エリアサイズ": [
            0.0,
            1.0
        ],
        "出現頻度": 2,
        "塵の発生間隔": 80,
        "最初と最後の透明度": [
            0.6000000238418579,
            0.0
        ],
        "最初のサイズ": [
            0.3100000023841858,
            0.20000000298023224
        ],
        "最大速度の色": [
            1.0299999713897705,
            0.0,
            0.0
        ],
        "最小速度の色": [
            0.0,
            1.0,
            0.30000001192092896
        ],
        "最後のサイズ": [
            0.10000000149011612,
            0.0
        ],
        "死亡カウント": 30,
        "沸き場所の中央からの差": 1.399999976158142,
        "色": [
            0.07999999821186066,
            1.0,
            1.0
        ]
    }
}
