{
    "BabyEnterWater": {
        "サイズ": 0.10000000149011612,
        "出現量": 5,
        "初速度の倍率": 0.12999999523162842,
        "初速度の範囲": [
            1.0,
            1.5
        ],
        "加速度の速度": 0.0,
        "塵を出す間隔": 1000,
        "拡散量": 0.25,
        "最高速度": 8.0,
        "湾曲度": 4.0,
        "生存カウントのプレイヤー影響量": 90.0,
        "等間隔に飛ばす": false,
        "速度をランダムにする": true
    }
}
