{
    "title": {
        "スタート文字サイズ": [
            580.0,
            128.0
        ],
        "スタート文字座標": [
            785.0599975585938,
            499.44000244140625
        ],
        "タイトルロゴサイズ": [
            600.0,
            300.0
        ],
        "タイトルロゴ座標": [
            640.0,
            360.0
        ],
        "ボタンサイズ": [
            123.0,
            123.0
        ],
        "ボタン座標": [
            558.3200073242188,
            500.010009765625
        ]
    }
}
