{
    "title": {
        "スタート文字サイズ": [
            580.0,
            128.0
        ],
        "スタート文字座標": [
            728.7999877929688,
            515.5800170898438
        ],
        "タイトルロゴサイズ": [
            128.0,
            300.0
        ],
        "タイトルロゴ座標": [
            640.0,
            300.0
        ],
        "ボタンサイズ": [
            100.0,
            100.0
        ],
        "ボタン座標": [
            522.5900268554688,
            518.260009765625
        ]
    }
}
