{
    "title": {
        "「option」サイズ": [
            350.0,
            60.0
        ],
        "「option」座標": [
            720.489990234375,
            570.0
        ],
        "「＝」サイズ": [
            70.0,
            70.0
        ],
        "「＝」座標": [
            562.0,
            570.0
        ],
        "スタート文字サイズ": [
            200.0,
            60.0
        ],
        "スタート文字座標": [
            728.1300048828125,
            500.0
        ],
        "タイトルロゴ座標(変更適応はシーン変更で)": [
            640.0,
            250.0
        ],
        "ボタンサイズ": [
            70.0,
            70.0
        ],
        "ボタン座標": [
            562.0,
            500.0
        ],
        "ロゴが移動できる範囲": [
            5.0,
            10.0
        ],
        "ロゴのランダム速度(min/max)": [
            0.10000000149011612,
            0.20000000298023224
        ]
    }
}
