{
    "title": {
        "「option」サイズ": [
            500.0,
            100.0
        ],
        "「option」座標": [
            730.1900024414063,
            600.0
        ],
        "「＝」サイズ": [
            100.0,
            100.0
        ],
        "「＝」座標": [
            500.0,
            600.0
        ],
        "スタート文字サイズ": [
            200.0,
            100.0
        ],
        "スタート文字座標": [
            728.1300048828125,
            500.0
        ],
        "タイトルロゴ座標(変更適応はシーン変更で)": [
            640.0,
            250.0
        ],
        "ボタンサイズ": [
            100.0,
            100.0
        ],
        "ボタン座標": [
            500.0,
            500.0
        ],
        "ロゴが移動できる範囲": [
            5.0,
            10.0
        ],
        "ロゴのランダム速度(min/max)": [
            0.10000000149011612,
            0.20000000298023224
        ]
    }
}
