{
    "title": {
        "スタート文字サイズ": [
            600.0,
            128.0
        ],
        "スタート文字座標": [
            728.1300048828125,
            500.0
        ],
        "タイトルロゴ座標(変更適応はシーン変更で)": [
            640.0,
            250.0
        ],
        "ボタンサイズ": [
            123.0,
            123.0
        ],
        "ボタン座標": [
            500.0,
            500.0
        ],
        "ロゴが移動できる範囲": [
            5.0,
            10.0
        ],
        "ロゴのランダム速度(min/max)": [
            0.10000000149011612,
            0.20000000298023224
        ]
    }
}
