{
    "a": {
        "Tree1tree1_Tree2tree2_Tree3tree3_b": -58,
        "Tree1tree1_Tree2tree4_b": -51,
        "Tree1tree1_Tree2tree4_test": -68,
        "b": 0.7200000286102295,
        "c": -0.23999999463558197
    }
}
