{
    "InGameHUD": {
        "「ポーズ」size": [
            100.0,
            35.0
        ],
        "「ポーズ」座標": [
            69.87999725341797,
            686.52001953125
        ],
        "「＝」size": [
            60.0,
            60.0
        ],
        "「＝」座標": [
            69.9800033569336,
            641.4299926757813
        ]
    }
}
