{
    "Stage": {
        "テキスト　ゲームをやめる　size": [
            448.0,
            64.0
        ],
        "テキスト　ゲームをやめる　座標": [
            640.0,
            360.0
        ],
        "テキスト　ステージ選択　size": [
            300.0,
            47.56999969482422
        ],
        "テキスト　ステージ選択　座標": [
            640.0,
            350.0
        ],
        "テキスト　タイトル　size": [
            300.0,
            45.0
        ],
        "テキスト　タイトル　座標": [
            640.0,
            450.0
        ],
        "テキスト　ポーズ　サイズ": [
            500.0,
            100.0
        ],
        "テキスト　ポーズ　座標": [
            640.0,
            150.0
        ],
        "テキスト　戻る　size": [
            85.0,
            45.0
        ],
        "テキスト　戻る　座標": [
            640.0,
            250.0
        ],
        "テキスト　音　size": [
            150.0,
            45.0
        ],
        "テキスト　音　座標": [
            640.0,
            550.0
        ],
        "一秒間での振幅速度": 2.0,
        "矢印のサイズ": [
            100.0,
            100.0
        ],
        "矢印の振幅": 8.0,
        "選択の矢印": [
            428.30999755859375,
            0.0
        ],
        "黒背景の透明度": 0.800000011920929
    }
}
