{
    "Audio": {
        "BGM ゲージ サイズ": [
            310.0,
            40.0
        ],
        "BGM ゲージ 座標": [
            524.3400268554688,
            375.0
        ],
        "BGM フレーム　サイズ": [
            400.0,
            100.0
        ],
        "BGM フレーム　座標": [
            640.0,
            350.0
        ],
        "SE ゲージ サイズ": [
            310.0,
            40.0
        ],
        "SE ゲージ 座標": [
            524.3400268554688,
            485.0400085449219
        ],
        "SE フレーム　サイズ": [
            400.0,
            100.0
        ],
        "SE フレーム　座標": [
            640.0,
            460.0
        ],
        "「音量」 サイズ": [
            400.0,
            112.83999633789063
        ],
        "「音量」 座標": [
            640.0,
            200.0
        ],
        "「音量」色": [
            0.0,
            0.0,
            0.0
        ],
        "戻る 座標": [
            640.0,
            560.0
        ],
        "戻る　サイズ": [
            300.0,
            60.0
        ],
        "矢印サイズ": [
            80.0,
            80.0
        ],
        "矢印座標": [
            -130.0,
            0.0
        ],
        "矢印振幅速度": 2.0,
        "矢印振幅量": 8.0,
        "選んでいない ゲージ 色": [
            0.0,
            0.0,
            0.0
        ],
        "選んでいない フレーム 色": [
            0.0,
            0.0,
            0.0
        ],
        "選んでる ゲージ 色": [
            0.0,
            0.0,
            0.0
        ],
        "選んでる フレーム 色": [
            0.0,
            0.0,
            0.0
        ],
        "関係なし": [
            520.0,
            560.0
        ]
    }
}
