{
    "Audio": {
        "BGM ゲージ サイズ": [
            310.0,
            40.0
        ],
        "BGM ゲージ 座標": [
            524.3400268554688,
            375.0
        ],
        "BGM フレーム　サイズ": [
            400.0,
            100.0
        ],
        "BGM フレーム　座標": [
            640.0,
            350.0
        ],
        "SE ゲージ サイズ": [
            310.0,
            40.0
        ],
        "SE ゲージ 座標": [
            524.3400268554688,
            485.0400085449219
        ],
        "SE フレーム　サイズ": [
            400.0,
            100.0
        ],
        "SE フレーム　座標": [
            640.0,
            460.0
        ],
        "「音量」 サイズ": [
            400.0,
            112.83999633789063
        ],
        "「音量」 座標": [
            640.0,
            200.0
        ],
        "「音量」色": [
            0.2590000033378601,
            0.029999999329447746,
            0.3880000114440918
        ],
        "戻る 座標": [
            640.0,
            560.0
        ],
        "戻る　サイズ": [
            100.0,
            50.0
        ],
        "矢印サイズ": [
            80.0,
            80.0
        ],
        "矢印座標": [
            -130.0,
            0.0
        ],
        "選んでいない ゲージ 色": [
            0.6169999837875366,
            0.019999999552965164,
            0.7099999785423279
        ],
        "選んでいない フレーム 色": [
            0.6169999837875366,
            0.019999999552965164,
            0.7099999785423279
        ],
        "選んでる ゲージ 色": [
            0.8920000195503235,
            0.23999999463558197,
            1.0
        ],
        "選んでる フレーム 色": [
            0.8299999833106995,
            0.07199999690055847,
            0.9449999928474426
        ],
        "関係なし": [
            520.0,
            560.0
        ]
    }
}
