{
    "Stage": {
        "テキスト　ゲームをやめる　size": [
            448.0,
            0.0
        ],
        "テキスト　ゲームをやめる　座標": [
            640.0,
            360.0
        ],
        "テキスト　ステージ選択　size": [
            333.9800109863281,
            86.52999877929688
        ],
        "テキスト　ステージ選択　座標": [
            640.0,
            386.42999267578125
        ],
        "テキスト　タイトル　size": [
            400.0,
            70.0
        ],
        "テキスト　タイトル　座標": [
            640.0,
            469.9700012207031
        ],
        "テキスト　ポーズ　サイズ": [
            250.0,
            70.0
        ],
        "テキスト　ポーズ　座標": [
            640.0,
            150.0
        ],
        "テキスト　戻る　size": [
            365.0,
            62.0
        ],
        "テキスト　戻る　座標": [
            640.0,
            300.0
        ],
        "テキスト　音　size": [
            236.0,
            75.0
        ],
        "テキスト　音　座標": [
            640.0,
            550.0
        ],
        "フレーム　サイズ": [
            700.0,
            700.0
        ],
        "フレーム　座標": [
            640.0,
            360.0
        ],
        "一秒間での振幅速度": 2.0,
        "矢印のサイズ": [
            80.0,
            80.0
        ],
        "矢印の振幅": 8.0,
        "選択の矢印": [
            428.30999755859375,
            0.0
        ],
        "黒背景の透明度": 0.800000011920929
    }
}
