{
    "title": {
        "テキスト　ゲームをやめる　size": [
            300.0,
            45.0
        ],
        "テキスト　ゲームをやめる　座標": [
            640.0,
            500.0
        ],
        "テキスト　ステージ選択　size": [
            384.0,
            64.0
        ],
        "テキスト　ステージ選択　座標": [
            640.0,
            360.0
        ],
        "テキスト　タイトル　size": [
            448.0,
            64.0
        ],
        "テキスト　タイトル　座標": [
            640.0,
            360.0
        ],
        "テキスト　ポーズ　サイズ": [
            500.0,
            100.0
        ],
        "テキスト　ポーズ　座標": [
            640.0,
            156.8800048828125
        ],
        "テキスト　戻る　size": [
            85.0,
            45.0
        ],
        "テキスト　戻る　座標": [
            640.0,
            300.0
        ],
        "テキスト　音　size": [
            150.0,
            45.0
        ],
        "テキスト　音　座標": [
            640.0,
            400.0
        ],
        "一秒間での振幅速度": 2.0,
        "矢印のサイズ": [
            100.0,
            100.0
        ],
        "矢印の振幅": 8.0,
        "選択の矢印": [
            400.0,
            0.0
        ],
        "黒背景の透明度": 0.699999988079071
    }
}
