{
    "actionHelpUI": {
        "BGM ゲージバーサイズ": 288.0,
        "BGM ゲージバー座標": [
            496.0,
            360.0
        ],
        "BGM ゲージフレームサイズ": [
            300.0,
            50.0
        ],
        "BGM ゲージフレーム座標": [
            640.0,
            360.0
        ],
        "BGM ゲージ上数字サイズ": [
            300.0,
            50.0
        ],
        "BGM ゲージ上数字座標": [
            640.0,
            310.0
        ],
        "BGM テキストサイズ": [
            300.0,
            50.0
        ],
        "BGM テキスト座標": [
            340.0,
            360.0
        ],
        "SE ゲージバーサイズ": 288.0,
        "SE ゲージバー座標": [
            496.0,
            460.0
        ],
        "SE ゲージフレームサイズ": [
            300.0,
            50.0
        ],
        "SE ゲージフレーム座標": [
            640.0,
            460.0
        ],
        "SE ゲージ上数字サイズ": [
            300.0,
            50.0
        ],
        "SE ゲージ上数字座標": [
            640.0,
            410.0
        ],
        "SE テキストサイズ": [
            300.0,
            50.0
        ],
        "SE テキスト座標": [
            340.0,
            460.0
        ],
        "「戻る」テキストサイズ": [
            128.0,
            64.0
        ],
        "「戻る」テキスト座標": [
            704.9299926757813,
            560.0
        ],
        "一時停止ボタンサイズ": [
            128.0,
            128.0
        ],
        "一時停止ボタン座標": [
            550.0,
            559.5900268554688
        ]
    }
}
