{
    "Planets": {
        "Tree1Planet0_ポジション": [
            9.140000343322754,
            -4.920000076293945,
            0.0
        ],
        "Tree1Planet1_ポジション": [
            -10.569999694824219,
            -5.119999885559082,
            0.0
        ],
        "Tree1Planet2_ポジション": [
            0.0,
            6.909999847412109,
            0.0
        ]
    }
}
