{
    "Selects": {
        "": [
            640.0,
            360.0
        ],
        "「ステージ」サイズ": [
            500.0,
            90.0
        ],
        "「ステージ」座標": [
            640.0,
            100.0
        ],
        "マップ1 サイズ": [
            514.7000122070313,
            500.0
        ],
        "マップ1 座標": [
            0.0,
            360.0
        ],
        "マップ10 サイズ": [
            512.0,
            500.0
        ],
        "マップ10 座標": [
            -999.1900024414063,
            360.0
        ],
        "マップ2 サイズ": [
            512.0,
            512.0
        ],
        "マップ2 座標": [
            640.0,
            360.0
        ],
        "マップ3 サイズ": [
            512.0,
            512.0
        ],
        "マップ3 座標": [
            640.0,
            360.0
        ],
        "マップ4 サイズ": [
            512.0,
            512.0
        ],
        "マップ4 座標": [
            640.0,
            360.0
        ],
        "マップ5 サイズ": [
            512.0,
            512.0
        ],
        "マップ5 座標": [
            640.0,
            360.0
        ],
        "マップ6 サイズ": [
            512.0,
            512.0
        ],
        "マップ6 座標": [
            640.0,
            360.0
        ],
        "マップ7 サイズ": [
            512.0,
            512.0
        ],
        "マップ7 座標": [
            640.0,
            360.0
        ],
        "マップ8 サイズ": [
            512.0,
            512.0
        ],
        "マップ8 座標": [
            640.0,
            360.0
        ],
        "マップ9 サイズ": [
            512.0,
            512.0
        ],
        "マップ9 座標": [
            642.989990234375,
            360.0
        ],
        "マップサイズ": [
            400.0,
            200.0
        ],
        "マップ座標": [
            640.0,
            360.0
        ],
        "二つの数字の距離": -84.22000122070313,
        "右矢印 サイズ": [
            100.0,
            100.0
        ],
        "右矢印 座標": [
            840.0,
            200.0
        ],
        "左矢印　サイズ": [
            100.0,
            100.0
        ],
        "左矢印　座標": [
            440.0,
            200.0
        ],
        "数字の中心　座標": [
            640.0,
            200.0
        ],
        "矢印の振幅量": 5.230000019073486,
        "矢印の速度": 5.659999847412109,
        "赤ちゃん　サイズ": [
            400.0,
            396.0
        ],
        "赤ちゃん　座標": [
            640.0,
            670.0
        ],
        "雲　サイズ": [
            800.0,
            600.0
        ],
        "雲　座標": [
            640.0,
            250.0
        ],
        "１桁目 サイズ ": [
            100.0,
            100.0
        ],
        "１桁目 座標 (触らない)": [
            642.4600219726563,
            3.0
        ],
        "２桁目　サイズ": [
            100.0,
            100.0
        ],
        "２桁目　座標(触らない)": [
            640.0,
            360.0
        ]
    }
}
