{
    "GameClear": {
        "HUD色": [
            0.0,
            0.0,
            0.0
        ],
        "「クリア」サイズ": [
            700.0,
            100.0
        ],
        "「クリア」座標": [
            640.0,
            150.0
        ],
        "「ステージ」サイズ": [
            600.0,
            100.0
        ],
        "「ステージ」座標": [
            600.0,
            60.939998626708984
        ],
        "「番号」サイズ": [
            100.0,
            100.0
        ],
        "「番号」座標": [
            820.0,
            61.0
        ],
        "あかちゃん　サイズ": [
            300.0,
            300.0
        ],
        "あかちゃん　座標": [
            950.5,
            400.0
        ],
        "クリアの後ろの雲 サイズ": [
            1000.0,
            200.0
        ],
        "クリアの後ろの雲　座標": [
            640.0,
            100.0
        ],
        "ゲージ サイズ": [
            490.0,
            160.0
        ],
        "ゲージ 座標": [
            560.0,
            439.510009765625
        ],
        "ゲージの色": [
            1.1399999856948853,
            0.44999998807907104,
            0.07000000029802322
        ],
        "ゲージ枠 サイズ": [
            510.0,
            192.0
        ],
        "ゲージ枠 座標": [
            565.0,
            430.0
        ],
        "ステージセレクト　サイズ": [
            400.0,
            100.0
        ],
        "ステージセレクト　座標": [
            240.0,
            600.0
        ],
        "リトライ　サイズ": [
            600.0,
            100.0
        ],
        "リトライ　座標": [
            640.0,
            600.0
        ],
        "動く速度": 3.25,
        "動く量": 6.440000057220459,
        "吹き出し サイズ": [
            300.0,
            250.0
        ],
        "吹き出し 座標": [
            640.0,
            323.0
        ],
        "次のステージ　サイズ": [
            300.0,
            80.0
        ],
        "次のステージ　座標": [
            1040.0,
            600.219970703125
        ],
        "画面全体の色画像　サイズ": [
            1280.0,
            720.0
        ],
        "画面全体の色画像　座標": [
            640.0,
            360.0
        ],
        "矢印 サイズ": [
            80.0,
            80.0
        ],
        "矢印 座標": [
            -200.0,
            0.0
        ],
        "背景色": [
            0.25,
            0.029999999329447746,
            0.5199999809265137
        ],
        "背景透明度": 0.5,
        "評価 Excerent サイズ": [
            300.0,
            120.0
        ],
        "評価 Excerent 座標": [
            640.0,
            307.0
        ],
        "評価 Good サイズ": [
            300.0,
            120.0
        ],
        "評価 Good 座標": [
            640.0,
            307.0
        ],
        "評価 Normal サイズ": [
            300.0,
            120.0
        ],
        "評価 Normal 座標": [
            640.0,
            307.0
        ],
        "選択物のHUD サイズ": [
            350.0,
            150.0
        ],
        "選択物のHUD 座標": [
            240.0,
            600.0
        ]
    }
}
