{
    "SceneTransition": {
        "Title": {
            "COLORエッジ色": [
                0.0,
                0.30379772186279297,
                1.0,
                1.0
            ],
            "COLOR色": [
                0.5738892555236816,
                0.46666666865348816,
                0.9372549057006836,
                1.0
            ],
            "エッジ色": [
                0.0,
                0.30379772186279297,
                1.0
            ],
            "マスク量": 1.0,
            "色": [
                0.5738892555236816,
                0.46666666865348816,
                0.9372549057006836,
                0.0
            ],
            "色の差": 0.07000000029802322,
            "遷移速度": 1.0
        },
        "clear": {
            "COLORエッジ色": [
                0.05098039284348488,
                0.2823529541492462,
                0.9686274528503418,
                1.0
            ],
            "COLOR色": [
                0.572549045085907,
                0.46666666865348816,
                0.9372549057006836,
                1.0
            ],
            "エッジ色": [
                1.0,
                1.0,
                1.0
            ],
            "マスク量": 1.0,
            "色": [
                1.0,
                1.0,
                1.0,
                0.0
            ],
            "色の差": 0.029999999329447746,
            "遷移速度": 1.0
        },

        "select": {
            "COLORエッジ色": [
                0.049137406051158905,
                0.28238487243652344,
                0.9704641103744507,
                1.0
            ],
            "COLOR色": [
                0.572549045085907,
                0.46666666865348816,
                0.9372549057006836,
                1.0
            ],
            "エッジ色": [
                0.049137406051158905,
                0.28238487243652344,
                0.9704641103744507
            ],
            "マスク量": 1.0,
            "色": [
                0.572549045085907,
                0.46666666865348816,
                0.9372549057006836,
                0.0
            ],
            "色の差": 0.029999999329447746,
            "遷移速度": 1.0
        },
        "stage": {
            "COLORエッジ色": [
                0.0,
                0.3019607961177826,
                1.0,
                1.0
            ],
            "COLOR色": [
                0.572549045085907,
                0.46666666865348816,
                0.9372549057006836,
                1.0
            ],
            "エッジ色": [
                0.0,
                0.3019607961177826,
                1.0
            ],
            "マスク量": 1.0,
            "色": [
                0.572549045085907,
                0.46666666865348816,
                0.9372549057006836,
                0.0
            ],
            "色の差": 0.029999999329447746,
            "遷移速度": 1.0
        }
    }
}
