{
    "GameOver": {
        "「オ」サイズ": [
            150.0,
            150.0
        ],
        "「ゲ」サイズ": [
            150.0,
            150.0
        ],
        "「ゲームオーバー」全体座標": [
            707.8699951171875,
            200.0
        ],
        "「ゲームオーバー」文字の距離": 121.13999938964844,
        "「バ」サイズ": [
            150.0,
            150.0
        ],
        "「ム」サイズ": [
            150.0,
            150.0
        ],
        "「ー」1サイズ": [
            150.0,
            150.0
        ],
        "「ー」2サイズ": [
            150.0,
            150.0
        ],
        "「ー」サイズ": [
            150.0,
            150.0
        ],
        "セレクトText　サイズ": [
            300.0,
            70.0
        ],
        "セレクトText　座標": [
            900.0,
            450.0
        ],
        "セレクトの雲　サイズ": [
            300.0,
            150.0
        ],
        "リトライText　サイズ": [
            400.0,
            60.0
        ],
        "リトライText　座標": [
            360.0,
            450.0
        ],
        "リトライの雲　サイズ": [
            300.0,
            150.0
        ],
        "回転量": 0.0010000000474974513,
        "文字の移動できる最大距離": 10.0,
        "最大傾き量": 0.10000000149011612,
        "最小最大速度": [
            0.009999999776482582,
            0.10000000149011612
        ],
        "矢印 何秒間隔で動くか": 2.0,
        "矢印 動きの振幅": 5.0,
        "矢印サイズ": [
            100.0,
            100.0
        ],
        "矢印座標": [
            -200.0,
            0.0
        ],
        "背景色": [
            0.13267099857330322,
            0.0,
            0.22779999673366547
        ],
        "黒背景透明度": 0.699999988079071
    }
}
