{
    "Selects": {
        "": [
            640.0,
            360.0
        ],
        "[ポーズ] サイズ": [
            90.0,
            39.810001373291016
        ],
        "[ポーズ] 座標": [
            60.0,
            100.0
        ],
        "「ステージ」サイズ": [
            500.0,
            80.69000244140625
        ],
        "「ステージ」座標": [
            640.0,
            79.68000030517578
        ],
        "アニメーションカウント": 60,
        "ポーズアイコン size": [
            70.0,
            70.0
        ],
        "ポーズアイコン 座標": [
            60.0,
            60.0
        ],
        "マップ1 サイズ": [
            514.7000122070313,
            500.0
        ],
        "マップ1 座標": [
            0.0,
            360.0
        ],
        "マップ10 サイズ": [
            512.0,
            500.0
        ],
        "マップ10 座標": [
            -999.1900024414063,
            360.0
        ],
        "マップ2 サイズ": [
            512.0,
            512.0
        ],
        "マップ2 座標": [
            640.0,
            360.0
        ],
        "マップ3 サイズ": [
            512.0,
            512.0
        ],
        "マップ3 座標": [
            640.0,
            360.0
        ],
        "マップ4 サイズ": [
            512.0,
            512.0
        ],
        "マップ4 座標": [
            640.0,
            360.0
        ],
        "マップ5 サイズ": [
            512.0,
            512.0
        ],
        "マップ5 座標": [
            640.0,
            360.0
        ],
        "マップ6 サイズ": [
            512.0,
            512.0
        ],
        "マップ6 座標": [
            640.0,
            360.0
        ],
        "マップ7 サイズ": [
            512.0,
            512.0
        ],
        "マップ7 座標": [
            640.0,
            360.0
        ],
        "マップ8 サイズ": [
            512.0,
            512.0
        ],
        "マップ8 座標": [
            640.0,
            360.0
        ],
        "マップ9 サイズ": [
            512.0,
            512.0
        ],
        "マップ9 座標": [
            642.989990234375,
            360.0
        ],
        "マップサイズ": [
            400.0,
            200.0
        ],
        "マップ座標": [
            640.0,
            323.82000732421875
        ],
        "二つの数字の距離": -84.22000122070313,
        "右矢印 サイズ": [
            100.0,
            100.0
        ],
        "右矢印 座標": [
            840.0,
            167.0
        ],
        "小さい雲1 サイズ": [
            100.0,
            100.0
        ],
        "小さい雲1 座標": [
            400.0,
            668.8099975585938
        ],
        "小さい雲2 サイズ": [
            143.1300048828125,
            150.0
        ],
        "小さい雲2 座標": [
            262.57000732421875,
            631.7100219726563
        ],
        "小さい雲3 サイズ": [
            200.0,
            200.0
        ],
        "小さい雲3 座標": [
            316.0199890136719,
            504.1400146484375
        ],
        "左矢印　サイズ": [
            100.0,
            100.0
        ],
        "左矢印　座標": [
            440.0,
            167.0
        ],
        "数字の中心　座標": [
            640.0,
            164.36000061035156
        ],
        "矢印の振幅量": 5.230000019073486,
        "矢印の速度": 5.690000057220459,
        "赤ちゃん　サイズ": [
            400.0,
            389.2200012207031
        ],
        "赤ちゃん　座標": [
            640.0,
            642.27001953125
        ],
        "赤ちゃんの振幅速度": 1.0,
        "赤ちゃんの振幅量": 2.0,
        "赤ちゃん体 サイズ": [
            0.0,
            0.0
        ],
        "赤ちゃん体 座標": [
            640.0,
            560.0
        ],
        "雲1速度": 2.0,
        "雲2速度": 1.5,
        "雲3速度": 1.2999999523162842,
        "雲4速度": 1.2000000476837158,
        "雲　サイズ": [
            800.0,
            515.9600219726563
        ],
        "雲　座標": [
            654.9199829101563,
            248.0399932861328
        ],
        "１桁目 サイズ ": [
            100.0,
            100.0
        ],
        "１桁目 座標 (触らない)": [
            642.4600219726563,
            3.0
        ],
        "２桁目　サイズ": [
            100.0,
            100.0
        ],
        "２桁目　座標(触らない)": [
            640.0,
            360.0
        ]
    }
}
