{
    "Stage1": {
        "Tree1アイテムの配置_Tree2アイテム0～9_Tree3アイテム0_スケール": 0.5,
        "Tree1アイテムの配置_Tree2アイテム0～9_Tree3アイテム0_ポジション": [
            0.44999998807907104,
            3.130000114440918,
            -0.019999999552965164
        ],
        "Tree1アイテムの配置_Tree2アイテム0～9_Tree3アイテム1_スケール": 0.5,
        "Tree1アイテムの配置_Tree2アイテム0～9_Tree3アイテム1_ポジション": [
            3.8299999237060547,
            3.140000104904175,
            -0.019999999552965164
        ],
        "Tree1アイテムの配置_Tree2アイテム0～9_Tree3アイテム2_スケール": 0.5,
        "Tree1アイテムの配置_Tree2アイテム0～9_Tree3アイテム2_ポジション": [
            0.0,
            1.0,
            -0.019999999552965164
        ],
        "Tree1アイテムの配置_Tree2アイテム0～9_Tree3アイテム3_スケール": 0.5,
        "Tree1アイテムの配置_Tree2アイテム0～9_Tree3アイテム3_ポジション": [
            6.710000038146973,
            4.25,
            -0.019999999552965164
        ],
        "Tree1アイテムの配置_Tree2アイテム0～9_Tree3アイテム4_スケール": 0.5,
        "Tree1アイテムの配置_Tree2アイテム0～9_Tree3アイテム4_ポジション": [
            9.149999618530273,
            3.5899999141693115,
            -0.019999999552965164
        ],
        "Tree1アイテムの配置_Tree2アイテム0～9_Tree3アイテム5_スケール": 0.5,
        "Tree1アイテムの配置_Tree2アイテム0～9_Tree3アイテム5_ポジション": [
            13.260000228881836,
            4.5,
            -0.019999999552965164
        ],
        "Tree1アイテムの配置_Tree2アイテム0～9_Tree3アイテム6_スケール": 0.5,
        "Tree1アイテムの配置_Tree2アイテム0～9_Tree3アイテム6_ポジション": [
            11.449999809265137,
            3.2799999713897705,
            -0.019999999552965164
        ],
        "Tree1アイテムの配置_Tree2アイテム0～9_Tree3アイテム7_スケール": 0.5,
        "Tree1アイテムの配置_Tree2アイテム0～9_Tree3アイテム7_ポジション": [
            2.049999952316284,
            2.0399999618530273,
            -0.019999999552965164
        ],
        "Tree1アイテムの配置_Tree2アイテム0～9_Tree3アイテム8_スケール": 0.5,
        "Tree1アイテムの配置_Tree2アイテム0～9_Tree3アイテム8_ポジション": [
            15.710000038146973,
            5.760000228881836,
            -0.019999999552965164
        ],
        "Tree1アイテムの配置_Tree2アイテム0～9_Tree3アイテム9_スケール": 0.5,
        "Tree1アイテムの配置_Tree2アイテム0～9_Tree3アイテム9_ポジション": [
            18.260000228881836,
            5.75,
            -0.019999999552965164
        ],
        "Tree1アイテムの配置_Tree2アイテム10～19_Tree3アイテム10_スケール": 0.5,
        "Tree1アイテムの配置_Tree2アイテム10～19_Tree3アイテム10_ポジション": [
            0.0,
            1.0,
            -0.019999999552965164
        ],
        "Tree1アイテムの配置_Tree2アイテム10～19_Tree3アイテム11_スケール": 0.5,
        "Tree1アイテムの配置_Tree2アイテム10～19_Tree3アイテム11_ポジション": [
            0.0,
            1.0,
            -0.019999999552965164
        ],
        "Tree1アイテムの配置_Tree2アイテム10～19_Tree3アイテム12_スケール": 0.5,
        "Tree1アイテムの配置_Tree2アイテム10～19_Tree3アイテム12_ポジション": [
            0.0,
            1.0,
            -0.019999999552965164
        ],
        "Tree1アイテムの配置_Tree2アイテム10～19_Tree3アイテム13_スケール": 0.5,
        "Tree1アイテムの配置_Tree2アイテム10～19_Tree3アイテム13_ポジション": [
            0.0,
            1.0,
            -0.019999999552965164
        ],
        "Tree1アイテムの配置_Tree2アイテム10～19_Tree3アイテム14_スケール": 0.5,
        "Tree1アイテムの配置_Tree2アイテム10～19_Tree3アイテム14_ポジション": [
            0.0,
            1.0,
            -0.019999999552965164
        ],
        "Tree1アイテムの配置_Tree2アイテム10～19_Tree3アイテム15_スケール": 0.5,
        "Tree1アイテムの配置_Tree2アイテム10～19_Tree3アイテム15_ポジション": [
            0.0,
            1.0,
            -0.019999999552965164
        ],
        "Tree1アイテムの配置_Tree2アイテム10～19_Tree3アイテム16_スケール": 0.5,
        "Tree1アイテムの配置_Tree2アイテム10～19_Tree3アイテム16_ポジション": [
            0.0,
            1.0,
            -0.019999999552965164
        ],
        "Tree1アイテムの配置_Tree2アイテム10～19_Tree3アイテム17_スケール": 0.5,
        "Tree1アイテムの配置_Tree2アイテム10～19_Tree3アイテム17_ポジション": [
            0.0,
            1.0,
            -0.019999999552965164
        ],
        "Tree1アイテムの配置_Tree2アイテム10～19_Tree3アイテム18_スケール": 0.5,
        "Tree1アイテムの配置_Tree2アイテム10～19_Tree3アイテム18_ポジション": [
            0.0,
            1.0,
            -0.019999999552965164
        ],
        "Tree1アイテムの配置_Tree2アイテム10～19_Tree3アイテム19_スケール": 0.5,
        "Tree1アイテムの配置_Tree2アイテム10～19_Tree3アイテム19_ポジション": [
            0.0,
            1.0,
            -0.019999999552965164
        ],
        "Tree1アイテムの配置_アイテムの数": 20,
        "Tree1ゴールの配置_スケール": 0.9900000095367432,
        "Tree1ゴールの配置_ポジション": [
            -28.579999923706055,
            7.989999771118164,
            -0.019999999552965164
        ],
        "Tree1プレイヤーの設定_初期座標": [
            0.0,
            0.0,
            0.0
        ],
        "Tree1水の配置_Tree2水0～9_Tree3水0_スケール": 2.940000057220459,
        "Tree1水の配置_Tree2水0～9_Tree3水0_ポジション": [
            1.9199999570846558,
            0.0,
            0.0
        ],
        "Tree1水の配置_Tree2水0～9_Tree3水1_スケール": 3.7300000190734863,
        "Tree1水の配置_Tree2水0～9_Tree3水1_ポジション": [
            -2.2200000286102295,
            -0.23000000417232513,
            0.0
        ],
        "Tree1水の配置_Tree2水0～9_Tree3水2_スケール": 3.509999990463257,
        "Tree1水の配置_Tree2水0～9_Tree3水2_ポジション": [
            -6.960000038146973,
            -0.1899999976158142,
            0.0
        ],
        "Tree1水の配置_Tree2水0～9_Tree3水3_スケール": 3.8499999046325684,
        "Tree1水の配置_Tree2水0～9_Tree3水3_ポジション": [
            6.809999942779541,
            -0.4000000059604645,
            0.0
        ],
        "Tree1水の配置_Tree2水0～9_Tree3水4_スケール": 3.3399999141693115,
        "Tree1水の配置_Tree2水0～9_Tree3水4_ポジション": [
            11.880000114440918,
            0.6899999976158142,
            0.0
        ],
        "Tree1水の配置_Tree2水0～9_Tree3水5_スケール": 4.409999847412109,
        "Tree1水の配置_Tree2水0～9_Tree3水5_ポジション": [
            16.93000030517578,
            0.9399999976158142,
            0.0
        ],
        "Tree1水の配置_Tree2水0～9_Tree3水6_スケール": 7.699999809265137,
        "Tree1水の配置_Tree2水0～9_Tree3水6_ポジション": [
            -23.719999313354492,
            13.779999732971191,
            0.0
        ],
        "Tree1水の配置_Tree2水0～9_Tree3水7_スケール": 4.269999980926514,
        "Tree1水の配置_Tree2水0～9_Tree3水7_ポジション": [
            -5.909999847412109,
            6.21999979019165,
            0.0
        ],
        "Tree1水の配置_Tree2水0～9_Tree3水8_スケール": 4.239999771118164,
        "Tree1水の配置_Tree2水0～9_Tree3水8_ポジション": [
            0.23999999463558197,
            6.389999866485596,
            0.0
        ],
        "Tree1水の配置_Tree2水0～9_Tree3水9_スケール": 3.640000104904175,
        "Tree1水の配置_Tree2水0～9_Tree3水9_ポジション": [
            4.71999979019165,
            5.619999885559082,
            0.0
        ],
        "Tree1水の配置_Tree2水10～19_Tree3水10_スケール": 5.659999847412109,
        "Tree1水の配置_Tree2水10～19_Tree3水10_ポジション": [
            10.510000228881836,
            8.130000114440918,
            0.0
        ],
        "Tree1水の配置_Tree2水10～19_Tree3水11_スケール": 4.25,
        "Tree1水の配置_Tree2水10～19_Tree3水11_ポジション": [
            18.59000015258789,
            8.510000228881836,
            0.0
        ],
        "Tree1水の配置_Tree2水10～19_Tree3水12_スケール": 3.7799999713897705,
        "Tree1水の配置_Tree2水10～19_Tree3水12_ポジション": [
            3.5,
            12.770000457763672,
            0.0
        ],
        "Tree1水の配置_Tree2水10～19_Tree3水13_スケール": 3.890000104904175,
        "Tree1水の配置_Tree2水10～19_Tree3水13_ポジション": [
            16.489999771118164,
            51.380001068115234,
            0.0
        ],
        "Tree1水の配置_Tree2水10～19_Tree3水14_スケール": 7.0,
        "Tree1水の配置_Tree2水10～19_Tree3水14_ポジション": [
            -5.059999942779541,
            15.220000267028809,
            0.0
        ],
        "Tree1水の配置_Tree2水10～19_Tree3水15_スケール": 4.699999809265137,
        "Tree1水の配置_Tree2水10～19_Tree3水15_ポジション": [
            8.59000015258789,
            17.34000015258789,
            0.0
        ],
        "Tree1水の配置_Tree2水10～19_Tree3水16_スケール": 5.389999866485596,
        "Tree1水の配置_Tree2水10～19_Tree3水16_ポジション": [
            16.15999984741211,
            22.760000228881836,
            0.0
        ],
        "Tree1水の配置_Tree2水10～19_Tree3水17_スケール": 4.059999942779541,