{
    "Stage2": {
        "Tree1アイテムの配置_Tree2アイテム0～9_Tree3アイテム0_スケール": 0.5,
        "Tree1アイテムの配置_Tree2アイテム0～9_Tree3アイテム0_ポジション": [
            0.0,
            1.0,
            -0.019999999552965164
        ],
        "Tree1アイテムの配置_アイテムの数": 1,
        "Tree1ゴールの配置_スケール": 2.0,
        "Tree1ゴールの配置_ポジション": [
            195.4600067138672,
            -16.290000915527344,
            -0.019999999552965164
        ],
        "Tree1プレイヤーの設定_初期座標": [
            -4.71999979019165,
            -0.8100000023841858,
            0.0
        ],
        "Tree1水の配置_Tree2水0～9_Tree3水0_スケール": 2.0,
        "Tree1水の配置_Tree2水0～9_Tree3水0_ポジション": [
            -6.25,
            0.0,
            0.0
        ],
        "Tree1水の配置_Tree2水0～9_Tree3水1_スケール": 2.0,
        "Tree1水の配置_Tree2水0～9_Tree3水1_ポジション": [
            -3.2300000190734863,
            0.05999999865889549,
            0.0
        ],
        "Tree1水の配置_Tree2水0～9_Tree3水2_スケール": 2.0,
        "Tree1水の配置_Tree2水0～9_Tree3水2_ポジション": [
            0.10000000149011612,
            0.03999999910593033,
            0.0
        ],
        "Tree1水の配置_Tree2水0～9_Tree3水3_スケール": 2.0,
        "Tree1水の配置_Tree2水0～9_Tree3水3_ポジション": [
            3.2899999618530273,
            0.07999999821186066,
            0.0
        ],
        "Tree1水の配置_Tree2水0～9_Tree3水4_スケール": 2.0,
        "Tree1水の配置_Tree2水0～9_Tree3水4_ポジション": [
            6.880000114440918,
            -0.019999999552965164,
            0.0
        ],
        "Tree1水の配置_Tree2水0～9_Tree3水5_スケール": 2.0,
        "Tree1水の配置_Tree2水0～9_Tree3水5_ポジション": [
            9.5,
            0.0,
            0.0
        ],
        "Tree1水の配置_Tree2水0～9_Tree3水6_スケール": 2.0,
        "Tree1水の配置_Tree2水0～9_Tree3水6_ポジション": [
            16.760000228881836,
            4.21999979019165,
            0.0
        ],
        "Tree1水の配置_Tree2水0～9_Tree3水7_スケール": 2.0,
        "Tree1水の配置_Tree2水0～9_Tree3水7_ポジション": [
            23.450000762939453,
            9.279999732971191,
            0.0
        ],
        "Tree1水の配置_Tree2水0～9_Tree3水8_スケール": 2.0,
        "Tree1水の配置_Tree2水0～9_Tree3水8_ポジション": [
            29.3700008392334,
            14.960000038146973,
            0.0
        ],
        "Tree1水の配置_Tree2水0～9_Tree3水9_スケール": 2.0,
        "Tree1水の配置_Tree2水0～9_Tree3水9_ポジション": [
            34.099998474121094,
            21.3700008392334,
            0.0
        ],
        "Tree1水の配置_Tree2水10～19_Tree3水10_スケール": 2.0,
        "Tree1水の配置_Tree2水10～19_Tree3水10_ポジション": [
            23.6200008392334,
            -1.2999999523162842,
            0.0
        ],
        "Tree1水の配置_Tree2水10～19_Tree3水11_スケール": 2.0,
        "Tree1水の配置_Tree2水10～19_Tree3水11_ポジション": [
            26.8700008392334,
            -1.25,
            0.0
        ],
        "Tree1水の配置_Tree2水10～19_Tree3水12_スケール": 2.0,
        "Tree1水の配置_Tree2水10～19_Tree3水12_ポジション": [
            30.1200008392334,
            -1.309999942779541,
            0.0
        ],
        "Tree1水の配置_Tree2水10～19_Tree3水13_スケール": 2.0,
        "Tree1水の配置_Tree2水10～19_Tree3水13_ポジション": [
            33.33000183105469,
            -0.30000001192092896,
            0.0
        ],
        "Tree1水の配置_Tree2水10～19_Tree3水14_スケール": 2.0,
        "Tree1水の配置_Tree2水10～19_Tree3水14_ポジション": [
            36.130001068115234,
            1.3300000429153442,
            0.0
        ],
        "Tree1水の配置_Tree2水10～19_Tree3水15_スケール": 2.0,
        "Tree1水の配置_Tree2水10～19_Tree3水15_ポジション": [
            38.36000061035156,
            3.7699999809265137,
            0.0
        ],
        "Tree1水の配置_Tree2水10～19_Tree3水16_スケール": 2.0,
        "Tree1水の配置_Tree2水10～19_Tree3水16_ポジション": [
            40.310001373291016,
            6.090000152587891,
            0.0
        ],
        "Tree1水の配置_Tree2水10～19_Tree3水17_スケール": 2.0,
        "Tree1水の配置_Tree2水10～19_Tree3水17_ポジション": [
            41.849998474121094,
            21.690000534057617,
            0.0
        ],
        "Tree1水の配置_Tree2水10～19_Tree3水18_スケール": 2.0,
        "Tree1水の配置_Tree2水10～19_Tree3水18_ポジション": [
            44.7599983215332,
            21.65999984741211,
            0.0
        ],
        "Tree1水の配置_Tree2水10～19_Tree3水19_スケール": 2.0,
        "Tree1水の配置_Tree2水10～19_Tree3水19_ポジション": [
            47.470001220703125,
            21.540000915527344,
            0.0
        ],
        "Tree1水の配置_Tree2水20～29_Tree3水20_スケール": 2.0,
        "Tree1水の配置_Tree2水20～29_Tree3水20_ポジション": [
            50.0,
            21.579999923706055,
            0.0
        ],
        "Tree1水の配置_Tree2水20～29_Tree3水21_スケール": 2.0,
        "Tree1水の配置_Tree2水20～29_Tree3水21_ポジション": [
            52.70000076293945,
            21.65999984741211,
            0.0
        ],
        "Tree1水の配置_Tree2水20～29_Tree3水22_スケール": 2.0,
        "Tree1水の配置_Tree2水20～29_Tree3水22_ポジション": [
            55.599998474121094,
            21.56999969482422,
            0.0
        ],
        "Tree1水の配置_Tree2水20～29_Tree3水23_スケール": 2.0,
        "Tree1水の配置_Tree2水20～29_Tree3水23_ポジション": [
            58.45000076293945,
            21.469999313354492,
            0.0
        ],
        "Tree1水の配置_Tree2水20～29_Tree3水24_スケール": 2.0,
        "Tree1水の配置_Tree2水20～29_Tree3水24_ポジション": [
            61.22999954223633,
            21.530000686645508,
            0.0
        ],
        "Tree1水の配置_Tree2水20～29_Tree3水25_スケール": 2.0,
        "Tree1水の配置_Tree2水20～29_Tree3水25_ポジション": [
            48.79999923706055,
            29.280000686645508,
            0.0
        ],
        "Tree1水の配置_Tree2水20～29_Tree3水26_スケール": 2.0,
        "Tree1水の配置_Tree2水20～29_Tree3水26_ポジション": [
            51.31999969482422,
            33.380001068115234,
            0.0
        ],
        "Tree1水の配置_Tree2水20～29_Tree3水27_スケール": 2.0,
        "Tree1水の配置_Tree2水20～29_Tree3水27_ポジション": [
            54.15999984741211,
            29.209999084472656,
            0.0
        ],
        "Tree1水の配置_Tree2水20～29_Tree3水28_スケール": 2.0,
        "Tree1水の配置_Tree2水20～29_Tree3水28_ポジション": [
            68.04000091552734,
            21.40999984741211,
            0.0
        ],
        "Tree1水の配置_Tree2水20～29_Tree3水29_スケール": 2.0,
        "Tree1水の配置_Tree2水20～29_Tree3水29_ポジション": [
            74.94999694824219,
            21.3799991607666,
            0.0
        ],
        "Tree1水の配置_Tree2水30～39_Tree3水30_スケール": 2.0,
        "Tree1水の配置_Tree2水30～39_Tree3水30_ポジション": [
            82.04000091552734,
            21.450000762939453,
            0.0
        ],
        "Tree1水の配置_Tree2水30～39_Tree3水31_スケール": 2.0,
        "Tree1水の配置_Tree2水30～39_Tree3水31_ポジション": [
            89.05999755859375,
            21.479999542236328,
            0.0
        ],
        "Tree1水の配置_Tree2水30～39_Tree3水32_スケール": 2.0,
        "Tree1水の配置_Tree2水30～39_Tree3水32_ポジション": [
            96.06999969482422,
            21.43000030517578,
            0.0
        ],
        "Tree1水の配置_Tree2水30～39_Tree3水33_スケール": 2.0,
        "Tree1水の配置_Tree2水30～39_Tree3水33_ポジション": [
            92.48999786376953,
            15.289999961853027,
            0.0
        ],
        "Tree1水の配置_Tree2水30～39_Tree3水34_スケール": 2.0,
        "Tree1水の配置_Tree2水30～39_Tree3水34_ポジション": [
            99.66999816894531,
            15.239999771118164,
            0.0
        ],
        "Tree1水の配置_Tree2水30～39_Tree3水35_スケール": 2.0,
        "Tree1水の配置_Tree2水30～39_Tree3水35_ポジション": [
            103.33000183105469,
            21.290000915527344,
            0.0
        ],
        "Tree1水の配置_Tree2水30～39_Tree3水36_スケール": 2.0,
        "Tree1水の配置_Tree2水30～39_Tree3水36_ポジション": [
            106.7699966430664,
            15.119999885559082,
            0.0
        ],
        "Tree1水の配置_Tree2水30～39_Tree3水37_スケール": 2.0,
        "Tree1水の配置_Tree2水30～39_Tree3水37_ポジション": [
            110.61000061035156,
            21.420000076293945,
            0.0
        ],
        "Tree1水の配置_Tree2水30～39_Tree3水38_スケール": 2.0,
        "Tree1水の配置_Tree2水30～39_Tree3水38_ポジション": [
            113.9000015258789,
            15.069999694824219,
            0.0
        ],
        "Tree1水の配置_Tree2水30～39_Tree3水39_スケール": 2.0,