{
    "Stage1": {
        "Tree1アイテムの配置_Tree2アイテム0～9_Tree3アイテム0_スケール": 0.5,
        "Tree1アイテムの配置_Tree2アイテム0～9_Tree3アイテム0_ポジション": [
            5.630000114440918,
            5.880000114440918,
            -0.019999999552965164
        ],
        "Tree1アイテムの配置_Tree2アイテム0～9_Tree3アイテム1_スケール": 0.5,
        "Tree1アイテムの配置_Tree2アイテム0～9_Tree3アイテム1_ポジション": [
            7.53000020980835,
            -0.3199999928474426,
            -0.019999999552965164
        ],
        "Tree1アイテムの配置_Tree2アイテム0～9_Tree3アイテム2_スケール": 0.5,
        "Tree1アイテムの配置_Tree2アイテム0～9_Tree3アイテム2_ポジション": [
            10.739999771118164,
            14.630000114440918,
            -0.019999999552965164
        ],
        "Tree1アイテムの配置_Tree2アイテム0～9_Tree3アイテム3_スケール": 0.5,
        "Tree1アイテムの配置_Tree2アイテム0～9_Tree3アイテム3_ポジション": [
            15.470000267028809,
            12.8100004196167,
            -0.019999999552965164
        ],
        "Tree1アイテムの配置_Tree2アイテム0～9_Tree3アイテム4_スケール": 0.5,
        "Tree1アイテムの配置_Tree2アイテム0～9_Tree3アイテム4_ポジション": [
            13.640000343322754,
            -3.309999942779541,
            -0.019999999552965164
        ],
        "Tree1アイテムの配置_Tree2アイテム0～9_Tree3アイテム5_スケール": 0.5,
        "Tree1アイテムの配置_Tree2アイテム0～9_Tree3アイテム5_ポジション": [
            22.229999542236328,
            0.10999999940395355,
            -0.019999999552965164
        ],
        "Tree1アイテムの配置_Tree2アイテム0～9_Tree3アイテム6_スケール": 0.5,
        "Tree1アイテムの配置_Tree2アイテム0～9_Tree3アイテム6_ポジション": [
            25.889999389648438,
            13.40999984741211,
            -0.019999999552965164
        ],
        "Tree1アイテムの配置_Tree2アイテム0～9_Tree3アイテム7_スケール": 0.5,
        "Tree1アイテムの配置_Tree2アイテム0～9_Tree3アイテム7_ポジション": [
            31.059999465942383,
            2.0399999618530273,
            -0.019999999552965164
        ],
        "Tree1アイテムの配置_Tree2アイテム0～9_Tree3アイテム8_スケール": 0.5,
        "Tree1アイテムの配置_Tree2アイテム0～9_Tree3アイテム8_ポジション": [
            37.68000030517578,
            7.480000019073486,
            -0.019999999552965164
        ],
        "Tree1アイテムの配置_Tree2アイテム0～9_Tree3アイテム9_スケール": 0.5,
        "Tree1アイテムの配置_Tree2アイテム0～9_Tree3アイテム9_ポジション": [
            34.90999984741211,
            13.84000015258789,
            -0.019999999552965164
        ],
        "Tree1アイテムの配置_Tree2アイテム10～19_Tree3アイテム10_スケール": 0.5,
        "Tree1アイテムの配置_Tree2アイテム10～19_Tree3アイテム10_ポジション": [
            48.779998779296875,
            6.599999904632568,
            -0.019999999552965164
        ],
        "Tree1アイテムの配置_Tree2アイテム10～19_Tree3アイテム11_スケール": 0.5,
        "Tree1アイテムの配置_Tree2アイテム10～19_Tree3アイテム11_ポジション": [
            45.38999938964844,
            14.989999771118164,
            -0.019999999552965164
        ],
        "Tree1アイテムの配置_Tree2アイテム10～19_Tree3アイテム12_スケール": 0.5,
        "Tree1アイテムの配置_Tree2アイテム10～19_Tree3アイテム12_ポジション": [
            56.38999938964844,
            22.059999465942383,
            -0.019999999552965164
        ],
        "Tree1アイテムの配置_Tree2アイテム10～19_Tree3アイテム13_スケール": 0.5,
        "Tree1アイテムの配置_Tree2アイテム10～19_Tree3アイテム13_ポジション": [
            60.54999923706055,
            20.329999923706055,
            -0.019999999552965164
        ],
        "Tree1アイテムの配置_Tree2アイテム10～19_Tree3アイテム14_スケール": 0.5,
        "Tree1アイテムの配置_Tree2アイテム10～19_Tree3アイテム14_ポジション": [
            60.15999984741211,
            33.0,
            -0.019999999552965164
        ],
        "Tree1アイテムの配置_Tree2アイテム10～19_Tree3アイテム15_スケール": 0.5,
        "Tree1アイテムの配置_Tree2アイテム10～19_Tree3アイテム15_ポジション": [
            59.04999923706055,
            39.88999938964844,
            -0.019999999552965164
        ],
        "Tree1アイテムの配置_Tree2アイテム10～19_Tree3アイテム16_スケール": 0.5,
        "Tree1アイテムの配置_Tree2アイテム10～19_Tree3アイテム16_ポジション": [
            54.27000045776367,
            42.08000183105469,
            -0.019999999552965164
        ],
        "Tree1アイテムの配置_Tree2アイテム10～19_Tree3アイテム17_スケール": 0.5,
        "Tree1アイテムの配置_Tree2アイテム10～19_Tree3アイテム17_ポジション": [
            62.72999954223633,
            42.09000015258789,
            -0.019999999552965164
        ],
        "Tree1アイテムの配置_Tree2アイテム10～19_Tree3アイテム18_スケール": 0.5,
        "Tree1アイテムの配置_Tree2アイテム10～19_Tree3アイテム18_ポジション": [
            63.06999969482422,
            47.7400016784668,
            -0.019999999552965164
        ],
        "Tree1アイテムの配置_Tree2アイテム10～19_Tree3アイテム19_スケール": 0.5,
        "Tree1アイテムの配置_Tree2アイテム10～19_Tree3アイテム19_ポジション": [
            54.209999084472656,
            47.70000076293945,
            -0.019999999552965164
        ],
        "Tree1アイテムの配置_アイテムの数": 20,
        "Tree1ゴールの配置_スケール": 2.119999885559082,
        "Tree1ゴールの配置_ポジション": [
            58.619998931884766,
            51.36000061035156,
            -0.019999999552965164
        ],
        "Tree1プレイヤーの設定_初期座標": [
            0.0,
            0.0,
            0.0
        ],
        "Tree1敵の設置_Tree2動かない敵_Tree3敵0～9_Tree4敵0_スケール": 0.5,
        "Tree1敵の設置_Tree2動かない敵_Tree3敵0～9_Tree4敵0_初期座標": [
            2.0,
            2.0,
            -0.30000001192092896
        ],
        "Tree1敵の設置_Tree2動かない敵_Tree3敵0～9_Tree4敵1_スケール": 0.5,
        "Tree1敵の設置_Tree2動かない敵_Tree3敵0～9_Tree4敵1_初期座標": [
            2.0,
            2.0,
            -0.30000001192092896
        ],
        "Tree1敵の設置_Tree2動かない敵_Tree3敵0～9_Tree4敵2_スケール": 0.5,
        "Tree1敵の設置_Tree2動かない敵_Tree3敵0～9_Tree4敵2_初期座標": [
            2.0,
            2.0,
            -0.30000001192092896
        ],
        "Tree1敵の設置_Tree2動かない敵_Tree3敵0～9_Tree4敵3_スケール": 0.5,
        "Tree1敵の設置_Tree2動かない敵_Tree3敵0～9_Tree4敵3_初期座標": [
            2.0,
            2.0,
            -0.30000001192092896
        ],
        "Tree1敵の設置_Tree2動かない敵_敵の数": 0,
        "Tree1水のエフェクトの設定_うねうねの色": [
            0.800000011920929,
            0.800000011920929,
            0.800000011920929
        ],
        "Tree1水のエフェクトの設定_水の色": [
            0.09000000357627869,
            0.4699999988079071,
            0.25
        ],
        "Tree1水の配置_Tree2水0～9_Tree3水0_スケール": 2.940000057220459,
        "Tree1水の配置_Tree2水0～9_Tree3水0_ポジション": [
            1.9199999570846558,
            0.0,
            0.0
        ],
        "Tree1水の配置_Tree2水0～9_Tree3水1_スケール": 3.7300000190734863,
        "Tree1水の配置_Tree2水0～9_Tree3水1_ポジション": [
            -2.2200000286102295,
            -0.23000000417232513,
            0.0
        ],
        "Tree1水の配置_Tree2水0～9_Tree3水2_スケール": 3.509999990463257,
        "Tree1水の配置_Tree2水0～9_Tree3水2_ポジション": [
            -6.960000038146973,
            -0.1899999976158142,
            0.0
        ],
        "Tree1水の配置_Tree2水0～9_Tree3水3_スケール": 3.8499999046325684,
        "Tree1水の配置_Tree2水0～9_Tree3水3_ポジション": [
            6.809999942779541,
            -0.4000000059604645,
            0.0
        ],
        "Tree1水の配置_Tree2水0～9_Tree3水4_スケール": 3.3399999141693115,
        "Tree1水の配置_Tree2水0～9_Tree3水4_ポジション": [
            11.880000114440918,
            0.6899999976158142,
            0.0
        ],
        "Tree1水の配置_Tree2水0～9_Tree3水5_スケール": 4.409999847412109,
        "Tree1水の配置_Tree2水0～9_Tree3水5_ポジション": [
            16.93000030517578,
            0.9399999976158142,
            0.0
        ],
        "Tree1水の配置_Tree2水0～9_Tree3水6_スケール": 5.0,
        "Tree1水の配置_Tree2水0～9_Tree3水6_ポジション": [
            35.0,
            13.779999732971191,
            0.0
        ],
        "Tree1水の配置_Tree2水0～9_Tree3水7_スケール": 4.269999980926514,
        "Tree1水の配置_Tree2水0～9_Tree3水7_ポジション": [
            -5.909999847412109,
            6.21999979019165,
            0.0
        ],
        "Tree1水の配置_Tree2水0～9_Tree3水8_スケール": 4.239999771118164,
        "Tree1水の配置_Tree2水0～9_Tree3水8_ポジション": [
            0.23999999463558197,
            6.389999866485596,
            0.0
        ],
        "Tree1水の配置_Tree2水0～9_Tree3水9_スケール": 3.640000104904175,
        "Tree1水の配置_Tree2水0～9_Tree3水9_ポジション": [
            4.71999979019165,
            5.619999885559082,
            0.0
        ],
        "Tree1水の配置_Tree2水10～19_Tree3水10_スケール": 5.28000020980835,