{
    "Stage4": {
        "Tree1アイテムの配置_アイテムの数": 0,
        "Tree1アイテムの配置_必須アイテムの数": 0,
        "Tree1ゴールの配置_カラー": [
            1.0,
            1.0,
            1.0
        ],
        "Tree1ゴールの配置_スケール": 1.9700000286102295,
        "Tree1ゴールの配置_ポジション": [
            8.0,
            1.0,
            -0.019999999552965164
        ],
        "Tree1プレイヤーの設定_初期座標": [
            0.0,
            0.0,
            0.0
        ],
        "Tree1敵の設置_Tree2動かない敵_敵の数": 0,
        "Tree1敵の設置_Tree2追従する敵_敵の数": 0,
        "Tree1水のエフェクトの設定_うねうねの動きにくさ": 91,
        "Tree1水のエフェクトの設定_うねうねの色": [
            0.800000011920929,
            0.800000011920929,
            0.800000011920929
        ],
        "Tree1水のエフェクトの設定_アウトラインの色": [
            0.800000011920929,
            0.800000011920929,
            0.800000011920929
        ],
        "Tree1水のエフェクトの設定_プレイヤーに重ねる色": [
            0.800000011920929,
            0.800000011920929,
            0.800000011920929
        ],
        "Tree1水のエフェクトの設定_プレイヤーに重ねる色の透明度": 0.38999998569488525,
        "Tree1水のエフェクトの設定_密度": 10.0,
        "Tree1水のエフェクトの設定_水の色": [
            1.8700000047683716,
            -0.05999999865889549,
            0.009999999776482582
        ],
        "Tree1水の配置_Tree2水0～9_Tree3水0_スケール": 3.25,
        "Tree1水の配置_Tree2水0～9_Tree3水0_ポジション": [
            0.0,
            -2.2200000286102295,
            0.0
        ],
        "Tree1水の配置_Tree2水0～9_Tree3水0_四角形を作るか": false,
        "Tree1水の配置_Tree2水0～9_Tree3水0_四角形を生成するもう一方の水のナンバー": 0,
        "Tree1水の配置_Tree2水0～9_Tree3水1_スケール": 4.21999979019165,
        "Tree1水の配置_Tree2水0～9_Tree3水1_ポジション": [
            -3.809999942779541,
            -3.2200000286102295,
            0.0
        ],
        "Tree1水の配置_Tree2水0～9_Tree3水1_四角形を作るか": false,
        "Tree1水の配置_Tree2水0～9_Tree3水1_四角形を生成するもう一方の水のナンバー": 0,
        "Tree1水の配置_Tree2水0～9_Tree3水2_スケール": 3.640000104904175,
        "Tree1水の配置_Tree2水0～9_Tree3水2_ポジション": [
            -3.75,
            -8.710000038146973,
            0.0
        ],
        "Tree1水の配置_Tree2水0～9_Tree3水2_四角形を作るか": false,
        "Tree1水の配置_Tree2水0～9_Tree3水2_四角形を生成するもう一方の水のナンバー": 1,
        "Tree1水の配置_Tree2水0～9_Tree3水3_スケール": 4.71999979019165,
        "Tree1水の配置_Tree2水0～9_Tree3水3_ポジション": [
            -0.8899999856948853,
            -10.489999771118164,
            0.0
        ],
        "Tree1水の配置_Tree2水0～9_Tree3水3_四角形を作るか": false,
        "Tree1水の配置_Tree2水0～9_Tree3水3_四角形を生成するもう一方の水のナンバー": 2,
        "Tree1水の配置_Tree2水0～9_Tree3水4_スケール": 4.389999866485596,
        "Tree1水の配置_Tree2水0～9_Tree3水4_ポジション": [
            2.8299999237060547,
            -6.46999979019165,
            0.0
        ],
        "Tree1水の配置_Tree2水0～9_Tree3水4_四角形を作るか": false,
        "Tree1水の配置_Tree2水0～9_Tree3水4_四角形を生成するもう一方の水のナンバー": 3,
        "Tree1水の配置_Tree2水0～9_Tree3水5_スケール": 4.590000152587891,
        "Tree1水の配置_Tree2水0～9_Tree3水5_ポジション": [
            22.739999771118164,
            -4.710000038146973,
            0.0
        ],
        "Tree1水の配置_Tree2水0～9_Tree3水5_四角形を作るか": false,
        "Tree1水の配置_Tree2水0～9_Tree3水5_四角形を生成するもう一方の水のナンバー": 4,
        "Tree1水の配置_Tree2水0～9_Tree3水6_スケール": 3.7100000381469727,
        "Tree1水の配置_Tree2水0～9_Tree3水6_ポジション": [
            22.40999984741211,
            0.0,
            0.0
        ],
        "Tree1水の配置_Tree2水0～9_Tree3水6_四角形を作るか": false,
        "Tree1水の配置_Tree2水0～9_Tree3水6_四角形を生成するもう一方の水のナンバー": 5,
        "Tree1水の配置_Tree2水0～9_Tree3水7_スケール": 4.760000228881836,
        "Tree1水の配置_Tree2水0～9_Tree3水7_ポジション": [
            23.280000686645508,
            5.440000057220459,
            0.0
        ],
        "Tree1水の配置_Tree2水0～9_Tree3水7_四角形を作るか": false,
        "Tree1水の配置_Tree2水0～9_Tree3水7_四角形を生成するもう一方の水のナンバー": 6,
        "Tree1水の配置_Tree2水0～9_Tree3水8_スケール": 4.929999828338623,
        "Tree1水の配置_Tree2水0～9_Tree3水8_ポジション": [
            27.040000915527344,
            8.489999771118164,
            0.0
        ],
        "Tree1水の配置_Tree2水0～9_Tree3水8_四角形を作るか": false,
        "Tree1水の配置_Tree2水0～9_Tree3水8_四角形を生成するもう一方の水のナンバー": 7,
        "Tree1水の配置_Tree2水0～9_Tree3水9_スケール": 3.8399999141693115,
        "Tree1水の配置_Tree2水0～9_Tree3水9_ポジション": [
            32.54999923706055,
            6.400000095367432,
            0.0
        ],
        "Tree1水の配置_Tree2水0～9_Tree3水9_四角形を作るか": false,
        "Tree1水の配置_Tree2水0～9_Tree3水9_四角形を生成するもう一方の水のナンバー": 8,
        "Tree1水の配置_Tree2水10～19_Tree3水10_スケール": 4.78000020980835,
        "Tree1水の配置_Tree2水10～19_Tree3水10_ポジション": [
            39.209999084472656,
            6.0,
            0.0
        ],
        "Tree1水の配置_Tree2水10～19_Tree3水10_四角形を作るか": false,
        "Tree1水の配置_Tree2水10～19_Tree3水10_四角形を生成するもう一方の水のナンバー": 9,
        "Tree1水の配置_Tree2水10～19_Tree3水11_スケール": 4.840000152587891,
        "Tree1水の配置_Tree2水10～19_Tree3水11_ポジション": [
            45.380001068115234,
            6.889999866485596,
            0.0
        ],
        "Tree1水の配置_Tree2水10～19_Tree3水11_四角形を作るか": false,
        "Tree1水の配置_Tree2水10～19_Tree3水11_四角形を生成するもう一方の水のナンバー": 10,
        "Tree1水の配置_Tree2水10～19_Tree3水12_スケール": 4.380000114440918,
        "Tree1水の配置_Tree2水10～19_Tree3水12_ポジション": [
            48.63999938964844,
            2.049999952316284,
            0.0
        ],
        "Tree1水の配置_Tree2水10～19_Tree3水12_四角形を作るか": false,
        "Tree1水の配置_Tree2水10～19_Tree3水12_四角形を生成するもう一方の水のナンバー": 11,
        "Tree1水の配置_Tree2水10～19_Tree3水13_スケール": 3.7100000381469727,
        "Tree1水の配置_Tree2水10～19_Tree3水13_ポジション": [
            49.79999923706055,
            -3.799999952316284,
            0.0
        ],
        "Tree1水の配置_Tree2水10～19_Tree3水13_四角形を作るか": false,
        "Tree1水の配置_Tree2水10～19_Tree3水13_四角形を生成するもう一方の水のナンバー": 12,
        "Tree1水の配置_Tree2水10～19_Tree3水14_スケール": 5.059999942779541,
        "Tree1水の配置_Tree2水10～19_Tree3水14_ポジション": [
            47.0099983215332,
            -9.359999656677246,
            0.0
        ],
        "Tree1水の配置_Tree2水10～19_Tree3水14_四角形を作るか": false,
        "Tree1水の配置_Tree2水10～19_Tree3水14_四角形を生成するもう一方の水のナンバー": 13,
        "Tree1水の配置_Tree2水10～19_Tree3水15_スケール": 4.190000057220459,
        "Tree1水の配置_Tree2水10～19_Tree3水15_ポジション": [
            41.189998626708984,
            -8.510000228881836,
            0.0
        ],
        "Tree1水の配置_Tree2水10～19_Tree3水15_四角形を作るか": false,
        "Tree1水の配置_Tree2水10～19_Tree3水15_四角形を生成するもう一方の水のナンバー": 14,
        "Tree1水の配置_Tree2水10～19_Tree3水16_スケール": 4.699999809265137,
        "Tree1水の配置_Tree2水10～19_Tree3水16_ポジション": [
            35.779998779296875,
            -10.470000267028809,
            0.0
        ],
        "Tree1水の配置_Tree2水10～19_Tree3水16_四角形を作るか": false,
        "Tree1水の配置_Tree2水10～19_Tree3水16_四角形を生成するもう一方の水のナンバー": 15,
        "Tree1水の配置_Tree2水10～19_Tree3水17_スケール": 4.039999961853027,
        "Tree1水の配置_Tree2水10～19_Tree3水17_ポジション": [
            29.8799991607666,
            -10.229999542236328,
            0.0
        ],
        "Tree1水の配置_Tree2水10～19_Tree3水17_四角形を作るか": false,
        "Tree1水の配置_Tree2水10～19_Tree3水17_四角形を生成するもう一方の水のナンバー": 16,
        "Tree1水の配置_Tree2水10～19_Tree3水18_スケール": 4.590000152587891,
        "Tree1水の配置_Tree2水10～19_Tree3水18_ポジション": [
            23.989999771118164,
            -7.510000228881836,
            0.0
        ],
        "Tree1水の配置_Tree2水10～19_Tree3水18_四角形を作るか": false,
        "Tree1水の配置_Tree2水10～19_Tree3水18_四角形を生成するもう一方の水のナンバー": 17,
        "Tree1水の配置_Tree2水10～19_Tree3水19_スケール": 4.989999771118164,
        "Tree1水の配置_Tree2水10～19_Tree3水19_ポジション": [
            26.149999618530273,
            2.75,
            0.0
        ],
        "Tree1水の配置_Tree2水10～19_Tree3水19_四角形を作るか": false,
        "Tree1水の配置_Tree2水10～19_Tree3水19_四角形を生成するもう一方の水のナンバー": 18,
        "Tree1水の配置_Tree2水20～29_Tree3水20_スケール": 3.6500000953674316,
        "Tree1水の配置_Tree2水20～29_Tree3水20_ポジション": [
            27.329999923706055,
            -3.119999885559082,
            0.0
        ],
        "Tree1水の配置_Tree2水20～29_Tree3水20_四角形を作るか": false,
        "Tree1水の配置_Tree2水20～29_Tree3水20_四角形を生成するもう一方の水のナンバー": 19,
        "Tree1水の配置_Tree2水20～29_Tree3水21_スケール": 4.059999942779541,