{
    "Stage3": {
        "Tree1アイテムの配置_Tree2アイテム0～9_Tree3アイテム0_スケール": 0.5,
        "Tree1アイテムの配置_Tree2アイテム0～9_Tree3アイテム0_ポジション": [
            -14.569999694824219,
            0.5799999833106995,
            -0.019999999552965164
        ],
        "Tree1アイテムの配置_Tree2アイテム0～9_Tree3アイテム1_スケール": 0.5,
        "Tree1アイテムの配置_Tree2アイテム0～9_Tree3アイテム1_ポジション": [
            -14.270000457763672,
            3.450000047683716,
            -0.019999999552965164
        ],
        "Tree1アイテムの配置_Tree2アイテム0～9_Tree3アイテム2_スケール": 0.5,
        "Tree1アイテムの配置_Tree2アイテム0～9_Tree3アイテム2_ポジション": [
            -13.470000267028809,
            6.03000020980835,
            -0.019999999552965164
        ],
        "Tree1アイテムの配置_Tree2アイテム0～9_Tree3アイテム3_スケール": 0.5,
        "Tree1アイテムの配置_Tree2アイテム0～9_Tree3アイテム3_ポジション": [
            0.0,
            1.0,
            -0.019999999552965164
        ],
        "Tree1アイテムの配置_Tree2アイテム0～9_Tree3アイテム4_スケール": 0.5,
        "Tree1アイテムの配置_Tree2アイテム0～9_Tree3アイテム4_ポジション": [
            0.0,
            1.0,
            -0.019999999552965164
        ],
        "Tree1アイテムの配置_Tree2アイテム0～9_Tree3アイテム5_スケール": 0.5,
        "Tree1アイテムの配置_Tree2アイテム0～9_Tree3アイテム5_ポジション": [
            0.0,
            1.0,
            -0.019999999552965164
        ],
        "Tree1アイテムの配置_Tree2アイテム0～9_Tree3アイテム6_スケール": 0.5,
        "Tree1アイテムの配置_Tree2アイテム0～9_Tree3アイテム6_ポジション": [
            0.0,
            1.0,
            -0.019999999552965164
        ],
        "Tree1アイテムの配置_Tree2アイテム0～9_Tree3アイテム7_スケール": 0.5,
        "Tree1アイテムの配置_Tree2アイテム0～9_Tree3アイテム7_ポジション": [
            0.0,
            1.0,
            -0.019999999552965164
        ],
        "Tree1アイテムの配置_Tree2アイテム0～9_Tree3アイテム8_スケール": 0.5,
        "Tree1アイテムの配置_Tree2アイテム0～9_Tree3アイテム8_ポジション": [
            0.0,
            1.0,
            -0.019999999552965164
        ],
        "Tree1アイテムの配置_Tree2アイテム0～9_Tree3アイテム9_スケール": 0.5,
        "Tree1アイテムの配置_Tree2アイテム0～9_Tree3アイテム9_ポジション": [
            0.0,
            1.0,
            -0.019999999552965164
        ],
        "Tree1アイテムの配置_Tree2アイテム10～19_Tree3アイテム10_スケール": 0.5,
        "Tree1アイテムの配置_Tree2アイテム10～19_Tree3アイテム10_ポジション": [
            0.0,
            1.0,
            -0.019999999552965164
        ],
        "Tree1アイテムの配置_Tree2アイテム10～19_Tree3アイテム11_スケール": 0.5,
        "Tree1アイテムの配置_Tree2アイテム10～19_Tree3アイテム11_ポジション": [
            0.0,
            1.0,
            -0.019999999552965164
        ],
        "Tree1アイテムの配置_Tree2アイテム10～19_Tree3アイテム12_スケール": 0.5,
        "Tree1アイテムの配置_Tree2アイテム10～19_Tree3アイテム12_ポジション": [
            0.0,
            1.0,
            -0.019999999552965164
        ],
        "Tree1アイテムの配置_Tree2アイテム10～19_Tree3アイテム13_スケール": 0.5,
        "Tree1アイテムの配置_Tree2アイテム10～19_Tree3アイテム13_ポジション": [
            0.0,
            1.0,
            -0.019999999552965164
        ],
        "Tree1アイテムの配置_Tree2アイテム10～19_Tree3アイテム14_スケール": 0.5,
        "Tree1アイテムの配置_Tree2アイテム10～19_Tree3アイテム14_ポジション": [
            0.0,
            1.0,
            -0.019999999552965164
        ],
        "Tree1アイテムの配置_アイテムの数": 15,
        "Tree1ゴールの配置_スケール": 2.0,
        "Tree1ゴールの配置_ポジション": [
            0.0,
            0.0,
            -0.019999999552965164
        ],
        "Tree1プレイヤーの設定_初期座標": [
            4.019999980926514,
            5.090000152587891,
            0.0
        ],
        "Tree1水の配置_Tree2水0～9_Tree3水0_スケール": 13.90999984741211,
        "Tree1水の配置_Tree2水0～9_Tree3水0_ポジション": [
            0.0,
            0.0,
            0.0
        ],
        "Tree1水の配置_水の数": 1
    }
}
