{
    "Stage1": {
        "Tree1水の配置_Tree2水0～9_Tree3水0_スケール": 1.0,
        "Tree1水の配置_Tree2水0～9_Tree3水0_ポジション": [
            2.140000104904175,
            0.0,
            0.0
        ],
        "Tree1水の配置_Tree2水0～9_Tree3水1_スケール": 1.0,
        "Tree1水の配置_Tree2水0～9_Tree3水1_ポジション": [
            -1.9500000476837158,
            0.0,
            0.0
        ],
        "Tree1水の配置_Tree2水0～9_Tree3水2_スケール": 1.0,
        "Tree1水の配置_Tree2水0～9_Tree3水2_ポジション": [
            4.070000171661377,
            0.8500000238418579,
            0.0
        ],
        "Tree1水の配置_Tree2水0～9_Tree3水3_スケール": 1.0,
        "Tree1水の配置_Tree2水0～9_Tree3水3_ポジション": [
            -0.019999999552965164,
            0.0,
            0.0
        ],
        "Tree1水の配置_Tree2水0～9_Tree3水4_スケール": 1.0,
        "Tree1水の配置_Tree2水0～9_Tree3水4_ポジション": [
            -3.680000066757202,
            0.5,
            0.0
        ],
        "Tree1水の配置_Tree2水0～9_Tree3水5_スケール": 1.0,
        "Tree1水の配置_Tree2水0～9_Tree3水5_ポジション": [
            -2.809999942779541,
            2.109999895095825,
            0.0
        ],
        "Tree1水の配置_水の数": 6
    }
}
