{
    "Stage3": {
        "Tree1アイテムの配置_Tree2アイテム0～9_Tree3アイテム0_スケール": 0.5,
        "Tree1アイテムの配置_Tree2アイテム0～9_Tree3アイテム0_ポジション": [
            -14.569999694824219,
            0.5799999833106995,
            -0.019999999552965164
        ],
        "Tree1アイテムの配置_Tree2アイテム0～9_Tree3アイテム1_スケール": 0.5,
        "Tree1アイテムの配置_Tree2アイテム0～9_Tree3アイテム1_ポジション": [
            -14.270000457763672,
            3.450000047683716,
            -0.019999999552965164
        ],
        "Tree1アイテムの配置_Tree2アイテム0～9_Tree3アイテム2_スケール": 0.5,
        "Tree1アイテムの配置_Tree2アイテム0～9_Tree3アイテム2_ポジション": [
            -13.470000267028809,
            6.03000020980835,
            -0.019999999552965164
        ],
        "Tree1アイテムの配置_Tree2アイテム0～9_Tree3アイテム3_スケール": 0.5,
        "Tree1アイテムの配置_Tree2アイテム0～9_Tree3アイテム3_ポジション": [
            0.0,
            1.0,
            -0.019999999552965164
        ],
        "Tree1アイテムの配置_Tree2アイテム0～9_Tree3アイテム4_スケール": 0.5,
        "Tree1アイテムの配置_Tree2アイテム0～9_Tree3アイテム4_ポジション": [
            0.0,
            1.0,
            -0.019999999552965164
        ],
        "Tree1アイテムの配置_Tree2アイテム0～9_Tree3アイテム5_スケール": 0.5,
        "Tree1アイテムの配置_Tree2アイテム0～9_Tree3アイテム5_ポジション": [
            0.0,
            1.0,
            -0.019999999552965164
        ],
        "Tree1アイテムの配置_Tree2アイテム0～9_Tree3アイテム6_スケール": 0.5,
        "Tree1アイテムの配置_Tree2アイテム0～9_Tree3アイテム6_ポジション": [
            0.0,
            1.0,
            -0.019999999552965164
        ],
        "Tree1アイテムの配置_Tree2アイテム0～9_Tree3アイテム7_スケール": 0.5,
        "Tree1アイテムの配置_Tree2アイテム0～9_Tree3アイテム7_ポジション": [
            0.0,
            1.0,
            -0.019999999552965164
        ],
        "Tree1アイテムの配置_Tree2アイテム0～9_Tree3アイテム8_スケール": 0.5,
        "Tree1アイテムの配置_Tree2アイテム0～9_Tree3アイテム8_ポジション": [
            0.0,
            1.0,
            -0.019999999552965164
        ],
        "Tree1アイテムの配置_Tree2アイテム0～9_Tree3アイテム9_スケール": 0.5,
        "Tree1アイテムの配置_Tree2アイテム0～9_Tree3アイテム9_ポジション": [
            0.0,
            1.0,
            -0.019999999552965164
        ],
        "Tree1アイテムの配置_Tree2アイテム10～19_Tree3アイテム10_スケール": 0.5,
        "Tree1アイテムの配置_Tree2アイテム10～19_Tree3アイテム10_ポジション": [
            0.0,
            1.0,
            -0.019999999552965164
        ],
        "Tree1アイテムの配置_Tree2アイテム10～19_Tree3アイテム11_スケール": 0.5,
        "Tree1アイテムの配置_Tree2アイテム10～19_Tree3アイテム11_ポジション": [
            0.0,
            1.0,
            -0.019999999552965164
        ],
        "Tree1アイテムの配置_Tree2アイテム10～19_Tree3アイテム12_スケール": 0.5,
        "Tree1アイテムの配置_Tree2アイテム10～19_Tree3アイテム12_ポジション": [
            0.0,
            1.0,
            -0.019999999552965164
        ],
        "Tree1アイテムの配置_Tree2アイテム10～19_Tree3アイテム13_スケール": 0.5,
        "Tree1アイテムの配置_Tree2アイテム10～19_Tree3アイテム13_ポジション": [
            0.0,
            1.0,
            -0.019999999552965164
        ],
        "Tree1アイテムの配置_Tree2アイテム10～19_Tree3アイテム14_スケール": 0.5,
        "Tree1アイテムの配置_Tree2アイテム10～19_Tree3アイテム14_ポジション": [
            0.0,
            1.0,
            -0.019999999552965164
        ],
        "Tree1アイテムの配置_アイテムの数": 15,
        "Tree1アイテムの配置_必須アイテムの数": 0,
        "Tree1ゴールの配置_カラー": [
            1.0,
            1.0,
            1.0
        ],
        "Tree1ゴールの配置_スケール": 2.0,
        "Tree1ゴールの配置_ポジション": [
            0.0,
            0.0,
            -0.019999999552965164
        ],
        "Tree1プレイヤーの設定_初期座標": [
            4.019999980926514,
            5.090000152587891,
            0.0
        ],
        "Tree1敵の設置_Tree2動かない敵_敵の数": 0,
        "Tree1敵の設置_Tree2追従する敵_敵の数": 0,
        "Tree1水のエフェクトの設定_うねうねの動きにくさ": 253,
        "Tree1水のエフェクトの設定_うねうねの色": [
            0.800000011920929,
            0.800000011920929,
            0.800000011920929
        ],
        "Tree1水のエフェクトの設定_アウトラインの色": [
            0.800000011920929,
            0.800000011920929,
            0.800000011920929
        ],
        "Tree1水のエフェクトの設定_プレイヤーに重ねる色": [
            0.800000011920929,
            0.800000011920929,
            0.800000011920929
        ],
        "Tree1水のエフェクトの設定_プレイヤーに重ねる色の透明度": 0.5,
        "Tree1水のエフェクトの設定_密度": 10.0,
        "Tree1水のエフェクトの設定_水の色": [
            0.30000001192092896,
            1.0,
            0.800000011920929
        ],
        "Tree1水の配置_Tree2水0～9_Tree3水0_スケール": 13.90999984741211,
        "Tree1水の配置_Tree2水0～9_Tree3水0_ポジション": [
            0.0,
            0.0,
            0.0
        ],
        "Tree1水の配置_Tree2水0～9_Tree3水0_四角形を作るか": false,
        "Tree1水の配置_Tree2水0～9_Tree3水0_四角形を生成するもう一方の水のナンバー": 0,
        "Tree1水の配置_水の数": 1,
        "Tree1背景_背景色": [
            0.029999999329447746,
            0.05999999865889549,
            0.1899999976158142
        ],
        "Tree1背景オブジェクトの配置_Tree2もやの配置_もやの数": 0,
        "Tree1背景オブジェクトの配置_Tree2雲の配置_雲の数": 0
    }
}
