{
    "Stage2": {
        "Tree1アイテムの配置_Tree2アイテム0～9_Tree3アイテム0_スケール": 0.5,
        "Tree1アイテムの配置_Tree2アイテム0～9_Tree3アイテム0_ポジション": [
            0.0,
            1.0,
            -0.019999999552965164
        ],
        "Tree1アイテムの配置_アイテムの数": 1,
        "Tree1ゴールの配置_スケール": 0.9900000095367432,
        "Tree1ゴールの配置_ポジション": [
            -0.05000000074505806,
            20.309999465942383,
            -0.019999999552965164
        ],
        "Tree1プレイヤーの設定_初期座標": [
            -4.71999979019165,
            -0.8100000023841858,
            0.0
        ],
        "Tree1水の配置_Tree2水0～9_Tree3水0_スケール": 2.0,
        "Tree1水の配置_Tree2水0～9_Tree3水0_ポジション": [
            -6.25,
            0.0,
            0.0
        ],
        "Tree1水の配置_Tree2水0～9_Tree3水1_スケール": 2.0,
        "Tree1水の配置_Tree2水0～9_Tree3水1_ポジション": [
            -6.230000019073486,
            3.2200000286102295,
            0.0
        ],
        "Tree1水の配置_Tree2水0～9_Tree3水2_スケール": 2.0,
        "Tree1水の配置_Tree2水0～9_Tree3水2_ポジション": [
            -6.230000019073486,
            6.409999847412109,
            0.0
        ],
        "Tree1水の配置_Tree2水0～9_Tree3水3_スケール": 2.0,
        "Tree1水の配置_Tree2水0～9_Tree3水3_ポジション": [
            -6.199999809265137,
            9.289999961853027,
            0.0
        ],
        "Tree1水の配置_Tree2水0～9_Tree3水4_スケール": 2.0,
        "Tree1水の配置_Tree2水0～9_Tree3水4_ポジション": [
            -6.159999847412109,
            12.0600004196167,
            0.0
        ],
        "Tree1水の配置_Tree2水0～9_Tree3水5_スケール": 2.0,
        "Tree1水の配置_Tree2水0～9_Tree3水5_ポジション": [
            6.159999847412109,
            0.0,
            0.0
        ],
        "Tree1水の配置_Tree2水0～9_Tree3水6_スケール": 2.0,
        "Tree1水の配置_Tree2水0～9_Tree3水6_ポジション": [
            6.269999980926514,
            2.8399999141693115,
            0.0
        ],
        "Tree1水の配置_Tree2水0～9_Tree3水7_スケール": 2.0,
        "Tree1水の配置_Tree2水0～9_Tree3水7_ポジション": [
            6.230000019073486,
            6.130000114440918,
            0.0
        ],
        "Tree1水の配置_Tree2水0～9_Tree3水8_スケール": 2.0,
        "Tree1水の配置_Tree2水0～9_Tree3水8_ポジション": [
            6.269999980926514,
            9.350000381469727,
            0.0
        ],
        "Tree1水の配置_Tree2水0～9_Tree3水9_スケール": 2.0,
        "Tree1水の配置_Tree2水0～9_Tree3水9_ポジション": [
            6.239999771118164,
            12.3100004196167,
            0.0
        ],
        "Tree1水の配置_Tree2水10～19_Tree3水10_スケール": 2.2300000190734863,
        "Tree1水の配置_Tree2水10～19_Tree3水10_ポジション": [
            0.0,
            16.239999771118164,
            0.0
        ],
        "Tree1水の配置_Tree2水10～19_Tree3水11_スケール": 1.600000023841858,
        "Tree1水の配置_Tree2水10～19_Tree3水11_ポジション": [
            -0.029999999329447746,
            -3.0199999809265137,
            0.0
        ],
        "Tree1水の配置_水の数": 12
    }
}
