{
    "Stage10": {
        "Tree1アイテムの配置_アイテムの数": 0,
        "Tree1アイテムの配置_必須アイテムの数": 0,
        "Tree1ゴールの配置_カラー": [
            1.0,
            1.0,
            1.0
        ],
        "Tree1ゴールの配置_スケール": 2.119999885559082,
        "Tree1ゴールの配置_ポジション": [
            8.0,
            1.0,
            -0.019999999552965164
        ],
        "Tree1プレイヤーの設定_初期座標": [
            0.0,
            0.0,
            0.0
        ],
        "Tree1敵の設置_Tree2動かない敵_敵の数": 0,
        "Tree1敵の設置_Tree2追従する敵_敵の数": 0,
        "Tree1水のエフェクトの設定_うねうねの動きにくさ": 308,
        "Tree1水のエフェクトの設定_うねうねの色": [
            0.800000011920929,
            0.800000011920929,
            0.800000011920929
        ],
        "Tree1水のエフェクトの設定_アウトラインの色": [
            0.800000011920929,
            0.800000011920929,
            0.800000011920929
        ],
        "Tree1水のエフェクトの設定_プレイヤーに重ねる色": [
            0.800000011920929,
            0.800000011920929,
            0.800000011920929
        ],
        "Tree1水のエフェクトの設定_プレイヤーに重ねる色の透明度": 0.5,
        "Tree1水のエフェクトの設定_密度": 10.0,
        "Tree1水のエフェクトの設定_水の色": [
            0.30000001192092896,
            1.0,
            0.800000011920929
        ],
        "Tree1水の配置_Tree2水0～9_Tree3水0_スケール": 1.0,
        "Tree1水の配置_Tree2水0～9_Tree3水0_ポジション": [
            0.0,
            0.0,
            0.0
        ],
        "Tree1水の配置_Tree2水0～9_Tree3水0_四角形を作るか": false,
        "Tree1水の配置_Tree2水0～9_Tree3水0_四角形を生成するもう一方の水のナンバー": 0,
        "Tree1水の配置_水の数": 1,
        "Tree1背景_背景色": [
            0.0,
            0.05999999865889549,
            0.11999999731779099
        ],
        "Tree1背景オブジェクトの配置_Tree2もやの配置_もやの数": 0,
        "Tree1背景オブジェクトの配置_Tree2雲の配置_雲の数": 0
    }
}
