{
    "Stage0": {
        "Tree1アイテムの配置_Tree2アイテム0～9_Tree3アイテム0_ポジション": [
            5.110000133514404,
            1.0,
            -0.019999999552965164
        ],
        "Tree1アイテムの配置_Tree2アイテム0～9_Tree3アイテム1_ポジション": [
            2.430000066757202,
            1.0,
            -0.019999999552965164
        ],
        "Tree1アイテムの配置_Tree2アイテム0～9_Tree3アイテム2_ポジション": [
            0.0,
            1.0,
            -0.019999999552965164
        ],
        "Tree1アイテムの配置_アイテムの数": 3,
        "Tree1ゴールの配置_スケール": 1.5,
        "Tree1ゴールの配置_ポジション": [
            15.029999732971191,
            7.989999771118164,
            -0.019999999552965164
        ],
        "Tree1水の配置_Tree2水0～9_Tree3水0_スケール": 2.2899999618530273,
        "Tree1水の配置_Tree2水0～9_Tree3水0_ポジション": [
            0.0,
            0.0,
            0.0
        ],
        "Tree1水の配置_Tree2水0～9_Tree3水1_スケール": 2.4000000953674316,
        "Tree1水の配置_Tree2水0～9_Tree3水1_ポジション": [
            5.050000190734863,
            0.0,
            0.0
        ],
        "Tree1水の配置_Tree2水0～9_Tree3水2_スケール": 2.490000009536743,
        "Tree1水の配置_Tree2水0～9_Tree3水2_ポジション": [
            -5.820000171661377,
            0.0,
            0.0
        ],
        "Tree1水の配置_Tree2水0～9_Tree3水3_スケール": 1.399999976158142,
        "Tree1水の配置_Tree2水0～9_Tree3水3_ポジション": [
            -3.0299999713897705,
            1.059999942779541,
            0.0
        ],
        "Tree1水の配置_Tree2水0～9_Tree3水4_スケール": 1.649999976158142,
        "Tree1水の配置_Tree2水0～9_Tree3水4_ポジション": [
            -8.550000190734863,
            2.5299999713897705,
            0.0
        ],
        "Tree1水の配置_Tree2水0～9_Tree3水5_スケール": 2.3499999046325684,
        "Tree1水の配置_Tree2水0～9_Tree3水5_ポジション": [
            -10.770000457763672,
            5.159999847412109,
            0.0
        ],
        "Tree1水の配置_Tree2水0～9_Tree3水6_スケール": 2.1700000762939453,
        "Tree1水の配置_Tree2水0～9_Tree3水6_ポジション": [
            -3.8299999237060547,
            6.579999923706055,
            0.0
        ],
        "Tree1水の配置_Tree2水0～9_Tree3水7_スケール": 2.5899999141693115,
        "Tree1水の配置_Tree2水0～9_Tree3水7_ポジション": [
            -10.1899995803833,
            9.739999771118164,
            0.0
        ],
        "Tree1水の配置_Tree2水0～9_Tree3水8_スケール": 1.690000057220459,
        "Tree1水の配置_Tree2水0～9_Tree3水8_ポジション": [
            2.6500000953674316,
            -1.4700000286102295,
            0.0
        ],
        "Tree1水の配置_Tree2水0～9_Tree3水9_スケール": 2.200000047683716,
        "Tree1水の配置_Tree2水0～9_Tree3水9_ポジション": [
            3.7899999618530273,
            4.179999828338623,
            0.0
        ],
        "Tree1水の配置_Tree2水10～19_Tree3水10_スケール": 2.059999942779541,
        "Tree1水の配置_Tree2水10～19_Tree3水10_ポジション": [
            2.549999952316284,
            7.21999979019165,
            0.0
        ],
        "Tree1水の配置_Tree2水10～19_Tree3水11_スケール": 1.7599999904632568,
        "Tree1水の配置_Tree2水10～19_Tree3水11_ポジション": [
            8.039999961853027,
            7.289999961853027,
            0.0
        ],
        "Tree1水の配置_Tree2水10～19_Tree3水12_スケール": 1.6200000047683716,
        "Tree1水の配置_Tree2水10～19_Tree3水12_ポジション": [
            8.359999656677246,
            1.899999976158142,
            0.0
        ],
        "Tree1水の配置_Tree2水10～19_Tree3水13_スケール": 1.659999966621399,
        "Tree1水の配置_Tree2水10～19_Tree3水13_ポジション": [
            11.449999809265137,
            1.100000023841858,
            0.0
        ],
        "Tree1水の配置_Tree2水10～19_Tree3水14_スケール": 2.859999895095825,
        "Tree1水の配置_Tree2水10～19_Tree3水14_ポジション": [
            15.260000228881836,
            3.549999952316284,
            0.0
        ],
        "Tree1水の配置_Tree2水10～19_Tree3水15_スケール": 2.25,
        "Tree1水の配置_Tree2水10～19_Tree3水15_ポジション": [
            2.0399999618530273,
            10.8100004196167,
            0.0
        ],
        "Tree1水の配置_Tree2水10～19_Tree3水16_スケール": 1.9500000476837158,
        "Tree1水の配置_Tree2水10～19_Tree3水16_ポジション": [
            -7.449999809265137,
            12.920000076293945,
            0.0
        ],
        "Tree1水の配置_Tree2水10～19_Tree3水17_スケール": 2.049999952316284,
        "Tree1水の配置_Tree2水10～19_Tree3水17_ポジション": [
            -3.859999895095825,
            14.670000076293945,
            0.0
        ],
        "Tree1水の配置_Tree2水10～19_Tree3水18_スケール": 2.1500000953674316,
        "Tree1水の配置_Tree2水10～19_Tree3水18_ポジション": [
            0.41999998688697815,
            14.0,
            0.0
        ],
        "Tree1水の配置_Tree2水10～19_Tree3水19_スケール": 4.199999809265137,
        "Tree1水の配置_Tree2水10～19_Tree3水19_ポジション": [
            4.289999961853027,
            16.290000915527344,
            0.0
        ],
        "Tree1水の配置_水の数": 20
    }
}
