{
    "Stage3": {
        "Tree1アイテムの配置_Tree2アイテム0～9_Tree3アイテム0_スケール": 0.5,
        "Tree1アイテムの配置_Tree2アイテム0～9_Tree3アイテム0_ポジション": [
            -14.569999694824219,
            0.5799999833106995,
            -0.019999999552965164
        ],
        "Tree1アイテムの配置_Tree2アイテム0～9_Tree3アイテム1_スケール": 0.5,
        "Tree1アイテムの配置_Tree2アイテム0～9_Tree3アイテム1_ポジション": [
            -14.270000457763672,
            3.450000047683716,
            -0.019999999552965164
        ],
        "Tree1アイテムの配置_Tree2アイテム0～9_Tree3アイテム2_スケール": 0.5,
        "Tree1アイテムの配置_Tree2アイテム0～9_Tree3アイテム2_ポジション": [
            -13.470000267028809,
            6.03000020980835,
            -0.019999999552965164
        ],
        "Tree1アイテムの配置_Tree2アイテム0～9_Tree3アイテム3_スケール": 0.5,
        "Tree1アイテムの配置_Tree2アイテム0～9_Tree3アイテム3_ポジション": [
            0.0,
            1.0,
            -0.019999999552965164
        ],
        "Tree1アイテムの配置_Tree2アイテム0～9_Tree3アイテム4_スケール": 0.5,
        "Tree1アイテムの配置_Tree2アイテム0～9_Tree3アイテム4_ポジション": [
            0.0,
            1.0,
            -0.019999999552965164
        ],
        "Tree1アイテムの配置_Tree2アイテム0～9_Tree3アイテム5_スケール": 0.5,
        "Tree1アイテムの配置_Tree2アイテム0～9_Tree3アイテム5_ポジション": [
            0.0,
            1.0,
            -0.019999999552965164
        ],
        "Tree1アイテムの配置_Tree2アイテム0～9_Tree3アイテム6_スケール": 0.5,
        "Tree1アイテムの配置_Tree2アイテム0～9_Tree3アイテム6_ポジション": [
            0.0,
            1.0,
            -0.019999999552965164
        ],
        "Tree1アイテムの配置_Tree2アイテム0～9_Tree3アイテム7_スケール": 0.5,
        "Tree1アイテムの配置_Tree2アイテム0～9_Tree3アイテム7_ポジション": [
            0.0,
            1.0,
            -0.019999999552965164
        ],
        "Tree1アイテムの配置_Tree2アイテム0～9_Tree3アイテム8_スケール": 0.5,
        "Tree1アイテムの配置_Tree2アイテム0～9_Tree3アイテム8_ポジション": [
            0.0,
            1.0,
            -0.019999999552965164
        ],
        "Tree1アイテムの配置_Tree2アイテム0～9_Tree3アイテム9_スケール": 0.5,
        "Tree1アイテムの配置_Tree2アイテム0～9_Tree3アイテム9_ポジション": [
            0.0,
            1.0,
            -0.019999999552965164
        ],
        "Tree1アイテムの配置_Tree2アイテム10～19_Tree3アイテム10_スケール": 0.5,
        "Tree1アイテムの配置_Tree2アイテム10～19_Tree3アイテム10_ポジション": [
            0.0,
            1.0,
            -0.019999999552965164
        ],
        "Tree1アイテムの配置_Tree2アイテム10～19_Tree3アイテム11_スケール": 0.5,
        "Tree1アイテムの配置_Tree2アイテム10～19_Tree3アイテム11_ポジション": [
            0.0,
            1.0,
            -0.019999999552965164
        ],
        "Tree1アイテムの配置_Tree2アイテム10～19_Tree3アイテム12_スケール": 0.5,
        "Tree1アイテムの配置_Tree2アイテム10～19_Tree3アイテム12_ポジション": [
            0.0,
            1.0,
            -0.019999999552965164
        ],
        "Tree1アイテムの配置_Tree2アイテム10～19_Tree3アイテム13_スケール": 0.5,
        "Tree1アイテムの配置_Tree2アイテム10～19_Tree3アイテム13_ポジション": [
            0.0,
            1.0,
            -0.019999999552965164
        ],
        "Tree1アイテムの配置_Tree2アイテム10～19_Tree3アイテム14_スケール": 0.5,
        "Tree1アイテムの配置_Tree2アイテム10～19_Tree3アイテム14_ポジション": [
            0.0,
            1.0,
            -0.019999999552965164
        ],
        "Tree1アイテムの配置_Tree2必須アイテム0～9_Tree3必須アイテム0_ポジション": [
            0.0,
            1.0,
            -0.019999999552965164
        ],
        "Tree1アイテムの配置_Tree2必須アイテム0～9_Tree3必須アイテム1_ポジション": [
            0.0,
            1.0,
            -0.019999999552965164
        ],
        "Tree1アイテムの配置_Tree2必須アイテム0～9_Tree3必須アイテム2_ポジション": [
            0.0,
            1.0,
            -0.019999999552965164
        ],
        "Tree1アイテムの配置_アイテムの数": 0,
        "Tree1アイテムの配置_必須アイテムの数": 3,
        "Tree1ゴールの配置_カラー": [
            1.0,
            1.0,
            1.0
        ],
        "Tree1ゴールの配置_スケール": 2.0,
        "Tree1ゴールの配置_ポジション": [
            0.0,
            0.0,
            -0.019999999552965164
        ],
        "Tree1プレイヤーの設定_初期座標": [
            4.019999980926514,
            5.090000152587891,
            0.0
        ],
        "Tree1敵の設置_Tree2動かない敵_敵の数": 0,
        "Tree1敵の設置_Tree2追従する敵_敵の数": 0,
        "Tree1水のエフェクトの設定_うねうねの動きにくさ": 253,
        "Tree1水のエフェクトの設定_うねうねの色": [
            0.800000011920929,
            0.800000011920929,
            0.800000011920929
        ],
        "Tree1水のエフェクトの設定_アウトラインの色": [
            0.800000011920929,
            0.800000011920929,
            0.800000011920929
        ],
        "Tree1水のエフェクトの設定_プレイヤーに重ねる色": [
            0.800000011920929,
            0.800000011920929,
            0.800000011920929
        ],
        "Tree1水のエフェクトの設定_プレイヤーに重ねる色の透明度": 0.5,
        "Tree1水のエフェクトの設定_密度": 10.0,
        "Tree1水のエフェクトの設定_水の色": [
            0.30000001192092896,
            1.0,
            0.800000011920929
        ],
        "Tree1水の配置_Tree2水0～9_Tree3水0_スケール": 4.53000020980835,
        "Tree1水の配置_Tree2水0～9_Tree3水0_ポジション": [
            0.0,
            0.0,
            0.0
        ],
        "Tree1水の配置_Tree2水0～9_Tree3水0_四角形を作るか": false,
        "Tree1水の配置_Tree2水0～9_Tree3水0_四角形を生成するもう一方の水のナンバー": 0,
        "Tree1水の配置_Tree2水0～9_Tree3水1_スケール": 3.3499999046325684,
        "Tree1水の配置_Tree2水0～9_Tree3水1_ポジション": [
            -5.039999961853027,
            0.7400000095367432,
            0.0
        ],
        "Tree1水の配置_Tree2水0～9_Tree3水1_四角形を作るか": false,
        "Tree1水の配置_Tree2水0～9_Tree3水1_四角形を生成するもう一方の水のナンバー": 0,
        "Tree1水の配置_Tree2水0～9_Tree3水2_スケール": 4.460000038146973,
        "Tree1水の配置_Tree2水0～9_Tree3水2_ポジション": [
            -10.40999984741211,
            0.0,
            0.0
        ],
        "Tree1水の配置_Tree2水0～9_Tree3水2_四角形を作るか": false,
        "Tree1水の配置_Tree2水0～9_Tree3水2_四角形を生成するもう一方の水のナンバー": 1,
        "Tree1水の配置_Tree2水0～9_Tree3水3_スケール": 1.0,
        "Tree1水の配置_Tree2水0～9_Tree3水3_ポジション": [
            0.0,
            0.0,
            0.0
        ],
        "Tree1水の配置_Tree2水0～9_Tree3水3_四角形を作るか": false,
        "Tree1水の配置_Tree2水0～9_Tree3水3_四角形を生成するもう一方の水のナンバー": 2,
        "Tree1水の配置_Tree2水0～9_Tree3水4_スケール": 1.0,
        "Tree1水の配置_Tree2水0～9_Tree3水4_ポジション": [
            0.0,
            0.0,
            0.0
        ],
        "Tree1水の配置_Tree2水0～9_Tree3水4_四角形を作るか": false,
        "Tree1水の配置_Tree2水0～9_Tree3水4_四角形を生成するもう一方の水のナンバー": 3,
        "Tree1水の配置_Tree2水0～9_Tree3水5_スケール": 1.0,
        "Tree1水の配置_Tree2水0～9_Tree3水5_ポジション": [
            0.0,
            0.0,
            0.0
        ],
        "Tree1水の配置_Tree2水0～9_Tree3水5_四角形を作るか": false,
        "Tree1水の配置_Tree2水0～9_Tree3水5_四角形を生成するもう一方の水のナンバー": 4,
        "Tree1水の配置_Tree2水0～9_Tree3水6_スケール": 1.0,
        "Tree1水の配置_Tree2水0～9_Tree3水6_ポジション": [
            0.0,
            0.0,
            0.0
        ],
        "Tree1水の配置_Tree2水0～9_Tree3水6_四角形を作るか": false,
        "Tree1水の配置_Tree2水0～9_Tree3水6_四角形を生成するもう一方の水のナンバー": 5,
        "Tree1水の配置_Tree2水0～9_Tree3水7_スケール": 1.0,
        "Tree1水の配置_Tree2水0～9_Tree3水7_ポジション": [
            0.0,
            0.0,
            0.0
        ],
        "Tree1水の配置_Tree2水0～9_Tree3水7_四角形を作るか": false,
        "Tree1水の配置_Tree2水0～9_Tree3水7_四角形を生成するもう一方の水のナンバー": 6,
        "Tree1水の配置_Tree2水0～9_Tree3水8_スケール": 1.0,
        "Tree1水の配置_Tree2水0～9_Tree3水8_ポジション": [
            0.0,
            0.0,
            0.0
        ],
        "Tree1水の配置_Tree2水0～9_Tree3水8_四角形を作るか": false,
        "Tree1水の配置_Tree2水0～9_Tree3水8_四角形を生成するもう一方の水のナンバー": 7,
        "Tree1水の配置_Tree2水0～9_Tree3水9_スケール": 1.0,
        "Tree1水の配置_Tree2水0～9_Tree3水9_ポジション": [
            0.0,
            0.0,
            0.0
        ],
        "Tree1水の配置_Tree2水0～9_Tree3水9_四角形を作るか": false,
        "Tree1水の配置_Tree2水0～9_Tree3水9_四角形を生成するもう一方の水のナンバー": 8,
        "Tree1水の配置_Tree2水10～19_Tree3水10_スケール": 1.0,
        "Tree1水の配置_Tree2水10～19_Tree3水10_ポジション": [
            0.0,
            0.0,
            0.0
        ],
        "Tree1水の配置_Tree2水10～19_Tree3水10_四角形を作るか": false,
        "Tree1水の配置_Tree2水10～19_Tree3水10_四角形を生成するもう一方の水のナンバー": 9,
        "Tree1水の配置_Tree2水10～19_Tree3水11_スケール": 1.0,
        "Tree1水の配置_Tree2水10～19_Tree3水11_ポジション": [
            0.0,
            0.0,
            0.0
        ],
        "Tree1水の配置_Tree2水10～19_Tree3水11_四角形を作るか": false,