{
    "Stage1": {
        "Tree1アイテムの配置_Tree2アイテム0～9_Tree3アイテム0_スケール": 0.5,
        "Tree1アイテムの配置_Tree2アイテム0～9_Tree3アイテム0_ポジション": [
            18.190000534057617,
            3.940000057220459,
            -0.019999999552965164
        ],
        "Tree1アイテムの配置_Tree2アイテム0～9_Tree3アイテム1_スケール": 0.5,
        "Tree1アイテムの配置_Tree2アイテム0～9_Tree3アイテム1_ポジション": [
            23.790000915527344,
            5.289999961853027,
            -0.019999999552965164
        ],
        "Tree1アイテムの配置_Tree2アイテム0～9_Tree3アイテム2_スケール": 0.5,
        "Tree1アイテムの配置_Tree2アイテム0～9_Tree3アイテム2_ポジション": [
            30.510000228881836,
            6.519999980926514,
            -0.019999999552965164
        ],
        "Tree1アイテムの配置_Tree2アイテム0～9_Tree3アイテム3_スケール": 0.5,
        "Tree1アイテムの配置_Tree2アイテム0～9_Tree3アイテム3_ポジション": [
            36.560001373291016,
            8.0,
            -0.019999999552965164
        ],
        "Tree1アイテムの配置_Tree2アイテム0～9_Tree3アイテム4_スケール": 0.5,
        "Tree1アイテムの配置_Tree2アイテム0～9_Tree3アイテム4_ポジション": [
            42.599998474121094,
            9.5,
            -0.019999999552965164
        ],
        "Tree1アイテムの配置_Tree2アイテム0～9_Tree3アイテム5_スケール": 0.5,
        "Tree1アイテムの配置_Tree2アイテム0～9_Tree3アイテム5_ポジション": [
            60.0,
            12.0,
            -0.019999999552965164
        ],
        "Tree1アイテムの配置_Tree2アイテム0～9_Tree3アイテム6_スケール": 0.5,
        "Tree1アイテムの配置_Tree2アイテム0～9_Tree3アイテム6_ポジション": [
            58.5,
            7.5,
            -0.019999999552965164
        ],
        "Tree1アイテムの配置_Tree2アイテム0～9_Tree3アイテム7_スケール": 0.5,
        "Tree1アイテムの配置_Tree2アイテム0～9_Tree3アイテム7_ポジション": [
            0.0,
            1.0,
            -0.019999999552965164
        ],
        "Tree1アイテムの配置_Tree2アイテム0～9_Tree3アイテム8_スケール": 0.5,
        "Tree1アイテムの配置_Tree2アイテム0～9_Tree3アイテム8_ポジション": [
            0.0,
            1.0,
            -0.019999999552965164
        ],
        "Tree1アイテムの配置_アイテムの数": 9,
        "Tree1ゴールの配置_スケール": 2.0,
        "Tree1ゴールの配置_ポジション": [
            100.1500015258789,
            7.0,
            0.0
        ],
        "Tree1プレイヤーの設定_初期座標": [
            -3.0,
            0.0,
            0.0
        ],
        "Tree1水の配置_Tree2水0～9_Tree3水0_スケール": 3.0999999046325684,
        "Tree1水の配置_Tree2水0～9_Tree3水0_ポジション": [
            6.289999961853027,
            -1.4900000095367432,
            0.0
        ],
        "Tree1水の配置_Tree2水0～9_Tree3水1_スケール": 3.0999999046325684,
        "Tree1水の配置_Tree2水0～9_Tree3水1_ポジション": [
            2.859999895095825,
            -0.6399999856948853,
            0.0
        ],
        "Tree1水の配置_Tree2水0～9_Tree3水2_スケール": 5.0,
        "Tree1水の配置_Tree2水0～9_Tree3水2_ポジション": [
            -2.4700000286102295,
            0.0,
            0.0
        ],
        "Tree1水の配置_Tree2水0～9_Tree3水3_スケール": 5.0,
        "Tree1水の配置_Tree2水0～9_Tree3水3_ポジション": [
            11.859999656677246,
            -2.4600000381469727,
            0.0
        ],
        "Tree1水の配置_Tree2水0～9_Tree3水4_スケール": 5.0,
        "Tree1水の配置_Tree2水0～9_Tree3水4_ポジション": [
            -7.550000190734863,
            0.0,
            0.0
        ],
        "Tree1水の配置_Tree2水0～9_Tree3水5_スケール": 5.0,
        "Tree1水の配置_Tree2水0～9_Tree3水5_ポジション": [
            -10.199999809265137,
            6.880000114440918,
            0.0
        ],
        "Tree1水の配置_Tree2水0～9_Tree3水6_スケール": 5.0,
        "Tree1水の配置_Tree2水0～9_Tree3水6_ポジション": [
            -9.0,
            13.539999961853027,
            0.0
        ],
        "Tree1水の配置_Tree2水0～9_Tree3水7_スケール": 5.0,
        "Tree1水の配置_Tree2水0～9_Tree3水7_ポジション": [
            -2.6500000953674316,
            19.399999618530273,
            0.0
        ],
        "Tree1水の配置_Tree2水0～9_Tree3水8_スケール": 5.5,
        "Tree1水の配置_Tree2水0～9_Tree3水8_ポジション": [
            3.799999952316284,
            19.8799991607666,
            0.0
        ],
        "Tree1水の配置_Tree2水0～9_Tree3水9_スケール": 5.0,
        "Tree1水の配置_Tree2水0～9_Tree3水9_ポジション": [
            11.109999656677246,
            19.0,
            0.0
        ],
        "Tree1水の配置_Tree2水10～19_Tree3水10_スケール": 5.0,
        "Tree1水の配置_Tree2水10～19_Tree3水10_ポジション": [
            18.950000762939453,
            -1.6100000143051147,
            0.0
        ],
        "Tree1水の配置_Tree2水10～19_Tree3水11_スケール": 5.0,
        "Tree1水の配置_Tree2水10～19_Tree3水11_ポジション": [
            25.149999618530273,
            -0.20000000298023224,
            0.0
        ],
        "Tree1水の配置_Tree2水10～19_Tree3水12_スケール": 5.0,
        "Tree1水の配置_Tree2水10～19_Tree3水12_ポジション": [
            28.899999618530273,
            1.0099999904632568,
            0.0
        ],
        "Tree1水の配置_Tree2水10～19_Tree3水13_スケール": 4.900000095367432,
        "Tree1水の配置_Tree2水10～19_Tree3水13_ポジション": [
            35.029998779296875,
            2.380000114440918,
            0.0
        ],
        "Tree1水の配置_Tree2水10～19_Tree3水14_スケール": 5.0,
        "Tree1水の配置_Tree2水10～19_Tree3水14_ポジション": [
            41.4900016784668,
            3.5999999046325684,
            0.0
        ],
        "Tree1水の配置_Tree2水10～19_Tree3水15_スケール": 5.5,
        "Tree1水の配置_Tree2水10～19_Tree3水15_ポジション": [
            47.84000015258789,
            5.489999771118164,
            0.0
        ],
        "Tree1水の配置_Tree2水10～19_Tree3水16_スケール": 6.800000190734863,
        "Tree1水の配置_Tree2水10～19_Tree3水16_ポジション": [
            35.22999954223633,
            -12.800000190734863,
            0.0
        ],
        "Tree1水の配置_Tree2水10～19_Tree3水17_スケール": 7.0,
        "Tree1水の配置_Tree2水10～19_Tree3水17_ポジション": [
            65.19000244140625,
            6.599999904632568,
            0.0
        ],
        "Tree1水の配置_Tree2水10～19_Tree3水18_スケール": 5.0,
        "Tree1水の配置_Tree2水10～19_Tree3水18_ポジション": [
            16.8700008392334,
            18.93000030517578,
            0.0
        ],
        "Tree1水の配置_Tree2水10～19_Tree3水19_スケール": 5.0,
        "Tree1水の配置_Tree2水10～19_Tree3水19_ポジション": [
            22.329999923706055,
            18.739999771118164,
            0.0
        ],
        "Tree1水の配置_Tree2水20～29_Tree3水20_スケール": 5.0,
        "Tree1水の配置_Tree2水20～29_Tree3水20_ポジション": [
            27.84000015258789,
            19.079999923706055,
            0.0
        ],
        "Tree1水の配置_Tree2水20～29_Tree3水21_スケール": 5.0,
        "Tree1水の配置_Tree2水20～29_Tree3水21_ポジション": [
            33.290000915527344,
            19.0,
            0.0
        ],
        "Tree1水の配置_Tree2水20～29_Tree3水22_スケール": 5.0,
        "Tree1水の配置_Tree2水20～29_Tree3水22_ポジション": [
            38.9900016784668,
            20.350000381469727,
            0.0
        ],
        "Tree1水の配置_Tree2水20～29_Tree3水23_スケール": 5.670000076293945,
        "Tree1水の配置_Tree2水20～29_Tree3水23_ポジション": [
            42.189998626708984,
            22.229999542236328,
            0.0
        ],
        "Tree1水の配置_Tree2水20～29_Tree3水24_スケール": 5.5,
        "Tree1水の配置_Tree2水20～29_Tree3水24_ポジション": [
            47.560001373291016,
            22.670000076293945,
            0.0
        ],
        "Tree1水の配置_Tree2水20～29_Tree3水25_スケール": 4.599999904632568,
        "Tree1水の配置_Tree2水20～29_Tree3水25_ポジション": [
            57.79999923706055,
            23.559999465942383,
            0.0
        ],
        "Tree1水の配置_Tree2水20～29_Tree3水26_スケール": 5.0,
        "Tree1水の配置_Tree2水20～29_Tree3水26_ポジション": [
            78.80999755859375,
            -1.340000033378601,
            0.0
        ],
        "Tree1水の配置_Tree2水20～29_Tree3水27_スケール": 14.5,
        "Tree1水の配置_Tree2水20～29_Tree3水27_ポジション": [
            100.19000244140625,
            6.880000114440918,
            0.0
        ],
        "Tree1水の配置_Tree2水20～29_Tree3水28_スケール": 6.230000019073486,
        "Tree1水の配置_Tree2水20～29_Tree3水28_ポジション": [
            70.27999877929688,
            23.950000762939453,
            0.0
        ],
        "Tree1水の配置_Tree2水20～29_Tree3水29_スケール": 5.860000133514404,
        "Tree1水の配置_Tree2水20～29_Tree3水29_ポジション": [
            85.5199966430664,
            26.739999771118164,
            0.0
        ],
        "Tree1水の配置_水の数": 30
    }
}
