{
    "Stage1": {
        "Tree1アイテムの配置_Tree2アイテム0～9_Tree3アイテム0_ポジション": [
            8.539999961853027,
            -0.699999988079071,
            -0.019999999552965164
        ],
        "Tree1アイテムの配置_Tree2アイテム0～9_Tree3アイテム1_ポジション": [
            10.109999656677246,
            0.20000000298023224,
            -0.019999999552965164
        ],
        "Tree1アイテムの配置_Tree2アイテム0～9_Tree3アイテム2_ポジション": [
            11.770000457763672,
            1.1699999570846558,
            -0.019999999552965164
        ],
        "Tree1アイテムの配置_Tree2アイテム0～9_Tree3アイテム3_ポジション": [
            13.329999923706055,
            2.109999895095825,
            -0.019999999552965164
        ],
        "Tree1アイテムの配置_Tree2アイテム0～9_Tree3アイテム4_ポジション": [
            17.06999969482422,
            3.049999952316284,
            -0.019999999552965164
        ],
        "Tree1アイテムの配置_アイテムの数": 5,
        "Tree1ゴールの配置_スケール": 2.0,
        "Tree1ゴールの配置_ポジション": [
            100.1500015258789,
            7.0,
            0.0
        ],
        "Tree1プレイヤーの設定_初期座標": [
            -3.0,
            0.0,
            0.0
        ],
        "Tree1水の配置_Tree2水0～9_Tree3水0_スケール": 2.0,
        "Tree1水の配置_Tree2水0～9_Tree3水0_ポジション": [
            -4.0,
            -0.07999999821186066,
            0.0
        ],
        "Tree1水の配置_Tree2水0～9_Tree3水1_スケール": 2.0,
        "Tree1水の配置_Tree2水0～9_Tree3水1_ポジション": [
            -1.5,
            -0.15000000596046448,
            0.0
        ],
        "Tree1水の配置_Tree2水0～9_Tree3水2_スケール": 2.0,
        "Tree1水の配置_Tree2水0～9_Tree3水2_ポジション": [
            0.5600000023841858,
            -0.25,
            0.0
        ],
        "Tree1水の配置_Tree2水0～9_Tree3水3_スケール": 2.0,
        "Tree1水の配置_Tree2水0～9_Tree3水3_ポジション": [
            3.130000114440918,
            -0.4300000071525574,
            0.0
        ],
        "Tree1水の配置_Tree2水0～9_Tree3水4_スケール": 2.0,
        "Tree1水の配置_Tree2水0～9_Tree3水4_ポジション": [
            5.21999979019165,
            -0.5099999904632568,
            0.0
        ],
        "Tree1水の配置_Tree2水0～9_Tree3水5_スケール": 2.5,
        "Tree1水の配置_Tree2水0～9_Tree3水5_ポジション": [
            7.849999904632568,
            -0.6000000238418579,
            0.0
        ],
        "Tree1水の配置_Tree2水0～9_Tree3水6_スケール": 2.5,
        "Tree1水の配置_Tree2水0～9_Tree3水6_ポジション": [
            10.130000114440918,
            -0.3700000047683716,
            0.0
        ],
        "Tree1水の配置_Tree2水0～9_Tree3水7_スケール": 2.490000009536743,
        "Tree1水の配置_Tree2水0～9_Tree3水7_ポジション": [
            11.989999771118164,
            -0.07999999821186066,
            0.0
        ],
        "Tree1水の配置_Tree2水0～9_Tree3水8_スケール": 2.5,
        "Tree1水の配置_Tree2水0～9_Tree3水8_ポジション": [
            13.75,
            0.3199999928474426,
            0.0
        ],
        "Tree1水の配置_Tree2水0～9_Tree3水9_スケール": 2.5,
        "Tree1水の配置_Tree2水0～9_Tree3水9_ポジション": [
            16.459999084472656,
            0.9300000071525574,
            0.0
        ],
        "Tree1水の配置_Tree2水10～19_Tree3水10_スケール": 2.0,
        "Tree1水の配置_Tree2水10～19_Tree3水10_ポジション": [
            24.0,
            3.0,
            0.0
        ],
        "Tree1水の配置_Tree2水10～19_Tree3水11_スケール": 2.0,
        "Tree1水の配置_Tree2水10～19_Tree3水11_ポジション": [
            25.149999618530273,
            -0.20000000298023224,
            0.0
        ],
        "Tree1水の配置_Tree2水10～19_Tree3水12_スケール": 2.0,
        "Tree1水の配置_Tree2水10～19_Tree3水12_ポジション": [
            28.899999618530273,
            1.0099999904632568,
            0.0
        ],
        "Tree1水の配置_Tree2水10～19_Tree3水13_スケール": 2.0,
        "Tree1水の配置_Tree2水10～19_Tree3水13_ポジション": [
            35.029998779296875,
            2.380000114440918,
            0.0
        ],
        "Tree1水の配置_Tree2水10～19_Tree3水14_スケール": 2.0,
        "Tree1水の配置_Tree2水10～19_Tree3水14_ポジション": [
            41.4900016784668,
            3.5999999046325684,
            0.0
        ],
        "Tree1水の配置_Tree2水10～19_Tree3水15_スケール": 2.0,
        "Tree1水の配置_Tree2水10～19_Tree3水15_ポジション": [
            47.84000015258789,
            5.489999771118164,
            0.0
        ],
        "Tree1水の配置_Tree2水10～19_Tree3水16_スケール": 2.0,
        "Tree1水の配置_Tree2水10～19_Tree3水16_ポジション": [
            35.22999954223633,
            -12.800000190734863,
            0.0
        ],
        "Tree1水の配置_Tree2水10～19_Tree3水17_スケール": 2.0,
        "Tree1水の配置_Tree2水10～19_Tree3水17_ポジション": [
            65.19000244140625,
            6.599999904632568,
            0.0
        ],
        "Tree1水の配置_Tree2水10～19_Tree3水18_スケール": 2.0,
        "Tree1水の配置_Tree2水10～19_Tree3水18_ポジション": [
            16.8700008392334,
            18.93000030517578,
            0.0
        ],
        "Tree1水の配置_Tree2水10～19_Tree3水19_スケール": 2.0,
        "Tree1水の配置_Tree2水10～19_Tree3水19_ポジション": [
            22.329999923706055,
            18.739999771118164,
            0.0
        ],
        "Tree1水の配置_Tree2水20～29_Tree3水20_スケール": 2.0,
        "Tree1水の配置_Tree2水20～29_Tree3水20_ポジション": [
            27.84000015258789,
            19.079999923706055,
            0.0
        ],
        "Tree1水の配置_Tree2水20～29_Tree3水21_スケール": 2.0,
        "Tree1水の配置_Tree2水20～29_Tree3水21_ポジション": [
            33.290000915527344,
            19.0,
            0.0
        ],
        "Tree1水の配置_Tree2水20～29_Tree3水22_スケール": 2.0,
        "Tree1水の配置_Tree2水20～29_Tree3水22_ポジション": [
            38.9900016784668,
            20.350000381469727,
            0.0
        ],
        "Tree1水の配置_Tree2水20～29_Tree3水23_スケール": 2.0,
        "Tree1水の配置_Tree2水20～29_Tree3水23_ポジション": [
            42.189998626708984,
            22.229999542236328,
            0.0
        ],
        "Tree1水の配置_Tree2水20～29_Tree3水24_スケール": 2.0,
        "Tree1水の配置_Tree2水20～29_Tree3水24_ポジション": [
            47.560001373291016,
            22.670000076293945,
            0.0
        ],
        "Tree1水の配置_Tree2水20～29_Tree3水25_スケール": 2.0,
        "Tree1水の配置_Tree2水20～29_Tree3水25_ポジション": [
            57.79999923706055,
            23.559999465942383,
            0.0
        ],
        "Tree1水の配置_Tree2水20～29_Tree3水26_スケール": 2.0,
        "Tree1水の配置_Tree2水20～29_Tree3水26_ポジション": [
            78.80999755859375,
            -1.340000033378601,
            0.0
        ],
        "Tree1水の配置_Tree2水20～29_Tree3水27_スケール": 2.0,
        "Tree1水の配置_Tree2水20～29_Tree3水27_ポジション": [
            100.19000244140625,
            6.880000114440918,
            0.0
        ],
        "Tree1水の配置_Tree2水20～29_Tree3水28_スケール": 2.0,
        "Tree1水の配置_Tree2水20～29_Tree3水28_ポジション": [
            70.27999877929688,
            23.950000762939453,
            0.0
        ],
        "Tree1水の配置_Tree2水20～29_Tree3水29_スケール": 2.0,
        "Tree1水の配置_Tree2水20～29_Tree3水29_ポジション": [
            85.5199966430664,
            26.739999771118164,
            0.0
        ],
        "Tree1水の配置_水の数": 30
    }
}
