{
    "Surface": {
        "クリアの雲": {
            "動きの速さ": 0.02500000037252903,
            "歪みの大きさ": 3.0
        },
        "セレクトのステージイメージ": {
            "動きの速さ": 0.014999999664723873,
            "歪みの大きさ": 2.0
        },
        "セレクトの雲": {
            "動きの速さ": 0.02500000037252903,
            "歪みの大きさ": 3.319999933242798
        }
    }
}
