{
    "Surface": {
        "動きの速さ": 0.02500000037252903,
        "歪みの大きさ": 3.319999933242798
    }
}
