{
    "TensionUI": {
        "Tree1Face_color": [
            1.0,
            1.0,
            1.0
        ],
        "Tree1Face_pos": [
            100.0,
            -66.52999877929688
        ],
        "Tree1Face_size": [
            200.0,
            200.0
        ],
        "Tree1Face_透明度a": 1.0,
        "Tree1Frame_color": [
            0.04705899953842163,
            0.035294000059366226,
            0.0
        ],
        "Tree1Frame_pos": [
            0.0,
            0.0
        ],
        "Tree1Frame_size": [
            14.0,
            22.0
        ],
        "Tree1Frame_透明度a": 1.0,
        "Tree1Gauge_color": [
            1.0,
            1.0,
            1.0
        ],
        "Tree1Gauge_透明度a": 1.0,
        "定位置": [
            1060.0,
            650.530029296875
        ],
        "最大サイズ": [
            363.1499938964844,
            86.26000213623047
        ]
    }
}
