{
    "Wave": {
        "力が最大になるときの速度": 0.6700000166893005,
        "力が最大の時に動く最大の角度": 3.0,
        "広がりきる時間": 1.0,
        "最大の時の力": 0.8100000023841858
    }
}
