{
    "Water": {
        "Tree10～9_Tree2水の惑星0_スケール": 3.0999999046325684,
        "Tree10～9_Tree2水の惑星0_ポジション": [
            6.289999961853027,
            -1.4900000095367432,
            0.0
        ],
        "Tree10～9_Tree2水の惑星1_スケール": 3.119999885559082,
        "Tree10～9_Tree2水の惑星1_ポジション": [
            2.859999895095825,
            -0.6399999856948853,
            0.0
        ],
        "Tree10～9_Tree2水の惑星2_スケール": 5.0,
        "Tree10～9_Tree2水の惑星2_ポジション": [
            -2.4700000286102295,
            0.0,
            0.0
        ],
        "Tree10～9_Tree2水の惑星3_スケール": 5.0,
        "Tree10～9_Tree2水の惑星3_ポジション": [
            11.859999656677246,
            -2.4600000381469727,
            0.0
        ],
        "Tree10～9_Tree2水の惑星4_スケール": 5.0,
        "Tree10～9_Tree2水の惑星4_ポジション": [
            -7.550000190734863,
            0.0,
            0.0
        ],
        "Tree10～9_Tree2水の惑星5_スケール": 5.0,
        "Tree10～9_Tree2水の惑星5_ポジション": [
            -10.199999809265137,
            6.880000114440918,
            0.0
        ],
        "Tree10～9_Tree2水の惑星6_スケール": 5.010000228881836,
        "Tree10～9_Tree2水の惑星6_ポジション": [
            -9.0,
            13.539999961853027,
            0.0
        ],
        "Tree10～9_Tree2水の惑星7_スケール": 5.0,
        "Tree10～9_Tree2水の惑星7_ポジション": [
            -2.6500000953674316,
            19.399999618530273,
            0.0
        ],
        "Tree10～9_Tree2水の惑星8_スケール": 5.5,
        "Tree10～9_Tree2水の惑星8_ポジション": [
            3.799999952316284,
            19.8799991607666,
            0.0
        ],
        "Tree10～9_Tree2水の惑星9_スケール": 5.0,
        "Tree10～9_Tree2水の惑星9_ポジション": [
            11.109999656677246,
            19.0,
            0.0
        ],
        "Tree110～19_Tree2水の惑星10_スケール": 5.0,
        "Tree110～19_Tree2水の惑星10_ポジション": [
            18.950000762939453,
            -1.6100000143051147,
            0.0
        ],
        "Tree110～19_Tree2水の惑星11_スケール": 5.0,
        "Tree110～19_Tree2水の惑星11_ポジション": [
            25.149999618530273,
            -0.20000000298023224,
            0.0
        ],
        "Tree110～19_Tree2水の惑星12_スケール": 5.0,
        "Tree110～19_Tree2水の惑星12_ポジション": [
            28.899999618530273,
            1.0099999904632568,
            0.0
        ],
        "Tree110～19_Tree2水の惑星13_スケール": 4.900000095367432,
        "Tree110～19_Tree2水の惑星13_ポジション": [
            35.029998779296875,
            2.380000114440918,
            0.0
        ],
        "Tree110～19_Tree2水の惑星14_スケール": 5.0,
        "Tree110～19_Tree2水の惑星14_ポジション": [
            41.4900016784668,
            3.5999999046325684,
            0.0
        ],
        "Tree110～19_Tree2水の惑星15_スケール": 5.5,
        "Tree110～19_Tree2水の惑星15_ポジション": [
            47.84000015258789,
            5.489999771118164,
            0.0
        ],
        "Tree110～19_Tree2水の惑星16_スケール": 6.800000190734863,
        "Tree110～19_Tree2水の惑星16_ポジション": [
            35.22999954223633,
            -12.800000190734863,
            0.0
        ],
        "Tree110～19_Tree2水の惑星17_スケール": 6.5,
        "Tree110～19_Tree2水の惑星17_ポジション": [
            65.27999877929688,
            7.179999828338623,
            0.0
        ],
        "Tree110～19_Tree2水の惑星18_スケール": 5.0,
        "Tree110～19_Tree2水の惑星18_ポジション": [
            16.8700008392334,
            18.93000030517578,
            0.0
        ],
        "Tree110～19_Tree2水の惑星19_スケール": 5.0,
        "Tree110～19_Tree2水の惑星19_ポジション": [
            22.329999923706055,
            18.739999771118164,
            0.0
        ],
        "Tree120～29_Tree2水の惑星20_スケール": 5.0,
        "Tree120～29_Tree2水の惑星20_ポジション": [
            27.84000015258789,
            19.079999923706055,
            0.0
        ],
        "Tree120～29_Tree2水の惑星21_スケール": 5.0,
        "Tree120～29_Tree2水の惑星21_ポジション": [
            33.290000915527344,
            19.0,
            0.0
        ],
        "Tree120～29_Tree2水の惑星22_スケール": 5.0,
        "Tree120～29_Tree2水の惑星22_ポジション": [
            38.9900016784668,
            20.350000381469727,
            0.0
        ],
        "Tree120～29_Tree2水の惑星23_スケール": 5.670000076293945,
        "Tree120～29_Tree2水の惑星23_ポジション": [
            42.189998626708984,
            22.229999542236328,
            0.0
        ],
        "Tree120～29_Tree2水の惑星24_スケール": 5.5,
        "Tree120～29_Tree2水の惑星24_ポジション": [
            47.560001373291016,
            22.670000076293945,
            0.0
        ],
        "Tree120～29_Tree2水の惑星25_スケール": 4.579999923706055,
        "Tree120～29_Tree2水の惑星25_ポジション": [
            57.79999923706055,
            23.559999465942383,
            0.0
        ],
        "Tree120～29_Tree2水の惑星26_スケール": 5.0,
        "Tree120～29_Tree2水の惑星26_ポジション": [
            78.80999755859375,
            -1.340000033378601,
            0.0
        ],
        "Tree120～29_Tree2水の惑星27_スケール": 14.5,
        "Tree120～29_Tree2水の惑星27_ポジション": [
            100.19000244140625,
            6.880000114440918,
            0.0
        ],
        "Tree120～29_Tree2水の惑星28_スケール": 6.239999771118164,
        "Tree120～29_Tree2水の惑星28_ポジション": [
            70.27999877929688,
            23.950000762939453,
            0.0
        ],
        "Tree120～29_Tree2水の惑星29_スケール": 5.860000133514404,
        "Tree120～29_Tree2水の惑星29_ポジション": [
            85.5199966430664,
            26.739999771118164,
            0.0
        ],
        "Tree130～39_Tree2水の惑星30_スケール": 1.0,
        "Tree130～39_Tree2水の惑星30_ポジション": [
            0.0,
            0.0,
            0.0
        ],
        "Tree130～39_Tree2水の惑星31_スケール": 1.0,
        "Tree130～39_Tree2水の惑星31_ポジション": [
            0.0,
            0.0,
            0.0
        ],
        "Tree130～39_Tree2水の惑星32_スケール": 1.0,
        "Tree130～39_Tree2水の惑星32_ポジション": [
            0.0,
            0.0,
            0.0
        ],
        "Tree130～39_Tree2水の惑星33_スケール": 1.0,
        "Tree130～39_Tree2水の惑星33_ポジション": [
            0.0,
            0.0,
            0.0
        ],
        "Tree130～39_Tree2水の惑星34_スケール": 1.0,
        "Tree130～39_Tree2水の惑星34_ポジション": [
            0.0,
            0.0,
            0.0
        ],
        "Tree130～39_Tree2水の惑星35_スケール": 1.0,
        "Tree130～39_Tree2水の惑星35_ポジション": [
            0.0,
            0.0,
            0.0
        ],
        "Tree130～39_Tree2水の惑星36_スケール": 1.0,
        "Tree130～39_Tree2水の惑星36_ポジション": [
            0.0,
            0.0,
            0.0
        ],
        "Tree130～39_Tree2水の惑星37_スケール": 1.0,
        "Tree130～39_Tree2水の惑星37_ポジション": [
            0.0,
            0.0,
            0.0
        ],
        "Tree130～39_Tree2水の惑星38_スケール": 1.0,
        "Tree130～39_Tree2水の惑星38_ポジション": [
            0.0,
            0.0,
            0.0
        ],
        "Tree130～39_Tree2水の惑星39_スケール": 1.0,
        "Tree130～39_Tree2水の惑星39_ポジション": [
            0.0,
            0.0,
            0.0
        ]
    }
}
