{
    "WaterEffect": {
        "うねうねの動きにくさ": 187,
        "うねうねの色": [
            0.800000011920929,
            0.800000011920929,
            0.800000011920929
        ],
        "カメラの影響の受けにくさ": 2.5,
        "密度": 10.0,
        "映り込む背景の修正": [
            -0.09000000357627869,
            -0.09000000357627869
        ],
        "水の色": [
            0.30000001192092896,
            1.0,
            0.800000011920929
        ]
    }
}
