{
    "WaterEffect": {
        "うねうねの動きにくさ": 1039,
        "うねうねの色": [
            0.11999999731779099,
            0.1899999976158142,
            0.3400000035762787
        ],
        "アウトラインの色": [
            0.800000011920929,
            0.800000011920929,
            0.800000011920929
        ],
        "カメラの影響の受けにくさ": 2.7799999713897705,
        "プレイヤーに重ねる色": [
            0.800000011920929,
            0.800000011920929,
            0.800000011920929
        ],
        "プレイヤーに重ねる色の透明度": 0.5,
        "密度": 3.7300000190734863,
        "映り込む背景の修正": [
            -0.09000000357627869,
            -0.09000000357627869
        ],
        "水の色": [
            0.17000000178813934,
            0.7599999904632568,
            0.8999999761581421
        ]
    }
}
