{
    "Water1": {
        "スケール": 3.119999885559082,
        "ポジション": [
            -6.190000057220459,
            0.0,
            0.0
        ]
    }
}
