{
    "WaterChip": {
        "スケール": 0.10000000149011612,
        "最低速度": 0.8999999761581421,
        "波の1往復の時間": 1.0,
        "減速率": 1.0
    }
}
