{
    "Water0": {
        "スケール": 2.609999895095825,
        "ポジション": [
            4.360000133514404,
            -2.359999895095825,
            0.0
        ]
    }
}
