{
    "WaterChip": {
        "スケール": 0.10000000149011612,
        "最低速度": 0.10999999940395355,
        "波の1往復の時間": 0.8600000143051147,
        "減速率": 0.8600000143051147
    }
}
