{
    "WaterChip": {
        "スケール": 0.10000000149011612,
        "最低速度": 0.029999999329447746,
        "波の1往復の時間": 0.9399999976158142,
        "減速率": 0.8999999761581421
    }
}
