{
    "Water": {
        "Tree1水の惑星0_スケール": 2.1600000858306885,
        "Tree1水の惑星0_ポジション": [
            4.420000076293945,
            0.0,
            0.0
        ],
        "Tree1水の惑星1_スケール": 2.5,
        "Tree1水の惑星1_ポジション": [
            0.0,
            0.0,
            0.0
        ],
        "Tree1水の惑星2_スケール": 3.4100000858306885,
        "Tree1水の惑星2_ポジション": [
            -5.159999847412109,
            0.0,
            0.0
        ]
    }
}
