{
    "Water": {
        "Tree10～9_Tree2水の惑星0_スケール": 3.6700000762939453,
        "Tree10～9_Tree2水の惑星0_ポジション": [
            7.099999904632568,
            0.0,
            0.0
        ],
        "Tree10～9_Tree2水の惑星1_スケール": 3.7899999618530273,
        "Tree10～9_Tree2水の惑星1_ポジション": [
            1.0199999809265137,
            0.0,
            0.0
        ],
        "Tree10～9_Tree2水の惑星2_スケール": 3.7899999618530273,
        "Tree10～9_Tree2水の惑星2_ポジション": [
            -6.110000133514404,
            0.0,
            0.0
        ],
        "Tree10～9_Tree2水の惑星3_スケール": 3.5199999809265137,
        "Tree10～9_Tree2水の惑星3_ポジション": [
            13.34000015258789,
            0.0,
            0.0
        ],
        "Tree10～9_Tree2水の惑星4_スケール": 3.8299999237060547,
        "Tree10～9_Tree2水の惑星4_ポジション": [
            -12.329999923706055,
            0.0,
            0.0
        ],
        "Tree10～9_Tree2水の惑星5_スケール": 3.9200000762939453,
        "Tree10～9_Tree2水の惑星5_ポジション": [
            -12.229999542236328,
            6.880000114440918,
            0.0
        ],
        "Tree10～9_Tree2水の惑星6_スケール": 3.440000057220459,
        "Tree10～9_Tree2水の惑星6_ポジション": [
            -12.40999984741211,
            13.539999961853027,
            0.0
        ],
        "Tree10～9_Tree2水の惑星7_スケール": 3.3499999046325684,
        "Tree10～9_Tree2水の惑星7_ポジション": [
            -7.25,
            14.4399995803833,
            0.0
        ],
        "Tree10～9_Tree2水の惑星8_スケール": 5.110000133514404,
        "Tree10～9_Tree2水の惑星8_ポジション": [
            -1.409999966621399,
            17.709999084472656,
            0.0
        ],
        "Tree10～9_Tree2水の惑星9_スケール": 4.840000152587891,
        "Tree10～9_Tree2水の惑星9_ポジション": [
            6.889999866485596,
            20.719999313354492,
            0.0
        ],
        "Tree110～19_Tree2水の惑星10_スケール": 3.9600000381469727,
        "Tree110～19_Tree2水の惑星10_ポジション": [
            19.3799991607666,
            0.0,
            0.0
        ],
        "Tree110～19_Tree2水の惑星11_スケール": 4.510000228881836,
        "Tree110～19_Tree2水の惑星11_ポジション": [
            26.559999465942383,
            0.0,
            0.0
        ],
        "Tree110～19_Tree2水の惑星12_スケール": 7.849999904632568,
        "Tree110～19_Tree2水の惑星12_ポジション": [
            24.90999984741211,
            9.319999694824219,
            0.0
        ],
        "Tree110～19_Tree2水の惑星13_スケール": 1.0,
        "Tree110～19_Tree2水の惑星13_ポジション": [
            0.0,
            0.0,
            0.0
        ],
        "Tree110～19_Tree2水の惑星14_スケール": 1.0,
        "Tree110～19_Tree2水の惑星14_ポジション": [
            0.0,
            0.0,
            0.0
        ]
    }
}
