{
    "WaterEffect": {
        "うねうねの動きにくさ": 187,
        "うねうねの色": [
            0.30000001192092896,
            0.20999999344348907,
            0.9100000262260437
        ],
        "カメラの影響の受けにくさ": 2.5,
        "プレイヤーに重ねる色": [
            0.800000011920929,
            0.800000011920929,
            0.800000011920929
        ],
        "プレイヤーに重ねる色の透明度": 0.5,
        "密度": 10.0,
        "映り込む背景の修正": [
            -0.09000000357627869,
            -0.09000000357627869
        ],
        "水の色": [
            0.5099999904632568,
            0.4300000071525574,
            0.8700000047683716
        ]
    }
}
