{
    "FloorChip": {
        "スケール": 0.2199999988079071,
        "最低速度": 0.07999999821186066,
        "波の1往復の時間": 0.7599999904632568,
        "減速率": 0.8299999833106995
    }
}
