{
    "StaticWave": {
        "パワーから最大半径への変換倍率": 7.329999923706055,
        "広がりきる時間": 2.380000114440918
    }
}
