{
    "StaticYarn": {
        "スケール": 0.10000000149011612,
        "最低速度": 0.15000000596046448,
        "減速率": 0.8700000047683716,
        "間の最大の長さ": 0.33000001311302185
    }
}
